Code,Airport Code
10001,01A
10003,03A
10004,04A
10005,05A
10006,06A
10007,07A
10008,08A
10009,09A
10010,1B1
10011,1G4
10012,1N7
10013,8F3
10014,A01
10015,A02
10016,A03
10017,A04
10018,A05
10019,A06
10020,A07
10021,A08
10022,A09
10023,KTH
10024,A11
10025,A12
10026,A13
10027,A14
10028,A15
10029,A16
10030,A17
10031,A18
10033,A20
10034,A21
10035,A22
10036,A23
10037,A24
10038,A25
10039,A26
10040,A27
10041,A28
10042,A29
10043,A30
10044,A31
10047,A34
10049,A36
10050,A37
10051,A38
10052,A39
10053,A40
10054,A41
10055,A42
10056,A43
10058,A45
10059,A46
10060,A47
10061,A48
10062,A49
10063,A50
10064,A51
10065,A52
10066,A53
10067,A54
10069,A56
10070,A57
10071,A58
10072,A59
10074,A61
10075,A62
10076,A63
10078,A65
10079,A66
10080,A67
10082,A69
10083,A70
10084,A71
10085,A72
10086,A73
10087,A74
10088,A75
10089,A76
10090,A77
10091,A78
10092,A79
10093,A80
10094,A81
10095,A82
10096,A83
10097,A84
10098,A85
10100,A87
10102,A89
10103,A90
10104,A91
10105,A92
10106,A93
10107,A94
10108,A94
10109,A94
10110,A97
10111,A98
10112,A99
10113,AA1
10116,AA4
10117,AA5
10118,AAA
10119,AAB
10120,AAC
10121,AAE
10122,AAF
10123,AAH
10124,AAI
10125,AAL
10126,AAM
10127,AAN
10128,AAO
10129,AAQ
10130,AAR
10131,AAU
10132,AAX
10134,ABD
10135,ABE
10136,ABI
10137,ABJ
10138,ABK
10139,ABL
10140,ABQ
10141,ABR
10142,ABS
10143,ABT
10144,ABV
10145,ABX
10146,ABY
10147,ABZ
10148,ACA
10149,ACB
10150,ACC
10151,ACE
10152,ACH
10153,ACI
10154,ACK
10155,ACT
10156,ACU
10157,ACV
10158,ACY
10159,ADA
10160,ADB
10161,ADC
10162,ADD
10163,ADE
10164,ADJ
10165,ADK
10166,ADL
10167,ADM
10168,ADN
10169,ADO
10170,ADQ
10171,ADS
10172,ADW
10173,ADX
10174,ADZ
10175,DHF
10176,AED
10177,AEG
10178,AEH
10180,AEO
10181,AEP
10182,AER
10183,AES
10184,AET
10185,AEX
10186,AEY
10188,AFA
10189,AFF
10190,AFK
10191,AFO
10192,AFP
10194,AFW
10195,AFY
10196,AGA
10197,AGB
10198,AGC
10199,AGF
10200,AGG
10201,AGH
10202,AGK
10203,AGL
10204,AGN
10205,AGP
10206,AGQ
10207,AGR
10208,AGS
10209,AGT
10210,AGU
10211,AGV
10212,AGX
10213,AHA
10214,AHB
10215,AHD
10216,AHN
10217,AHO
10218,AHS
10219,AHT
10220,AHU
10221,AIA
10222,AIB
10223,AID
10224,AIK
10225,AIN
10226,AIT
10227,AIY
10228,AIZ
10229,AJA
10230,AJF
10231,AJJ
10232,AJL
10233,AJN
10234,AJR
10235,AJU
10236,AJY
10237,AKB
10238,AKC
10239,AKF
10241,AKI
10242,AKJ
10243,AKK
10244,AKL
10245,AKN
10246,AKO
10247,AKP
10248,AKR
10249,AKS
10250,AKT
10251,AKX
10252,AKY
10253,AL1
10254,AL2
10255,AL3
10256,ALA
10257,ALB
10258,ALC
10259,ALE
10260,ALF
10261,ALG
10262,ALH
10263,ALI
10264,ALJ
10265,ALK
10266,ALM
10267,ALN
10268,ALO
10269,ALP
10270,ALQ
10271,ALR
10272,ALS
10273,ALT
10274,ALU
10275,ALW
10276,ALX
10277,ALY
10278,ALZ
10279,AMA
10280,AMD
10281,AMF
10282,AMG
10283,AMH
10284,AMI
10285,AMK
10286,AML
10287,AMM
10288,AMN
10289,AMO
10290,AMP
10291,AMQ
10292,AMS
10294,AMW
10295,AMX
10296,AMY
10297,ANA
10298,ANB
10299,ANC
10300,AND
10301,ANE
10302,ANF
10303,ANG
10304,ANI
10305,ANK
10306,ANM
10307,ANN
10308,ANO
10309,ANP
10310,ANR
10311,ANS
10312,ANU
10313,ANV
10314,ANX
10317,AOH
10318,AOI
10319,AOJ
10320,AOK
10321,AOL
10322,AOO
10323,AOR
10324,AOS
10325,APA
10326,APB
10327,APC
10328,APE
10329,APF
10330,APG
10331,APK
10332,APL
10333,APN
10334,APO
10335,APR
10336,APT
10337,APV
10338,APW
10339,AQI
10340,AQJ
10342,AQP
10343,AQS
10344,AQY
10345,AR1
10346,AR2
10347,ARA
10348,ARB
10349,ARC
10350,ARD
10351,ARE
10352,ARG
10353,ARH
10354,ARI
10355,ARK
10356,ARM
10357,ARN
10358,ARP
10359,ARQ
10360,ARS
10361,ART
10362,ARU
10363,ARV
10364,ARW
10365,ARX
10366,ARY
10367,ARZ
10368,ASA
10369,ASB
10370,ASC
10371,ASD
10372,ASE
10373,ASG
10374,ASH
10375,ASI
10376,ASJ
10377,ASK
10378,ASL
10379,ASM
10380,ASN
10381,ASO
10382,ASP
10383,ASQ
10384,ASR
10385,AST
10386,ASU
10387,ASW
10388,ASX
10389,ASY
10390,ATA
10391,ATB
10392,ATC
10393,ATE
10394,ATH
10395,ATI
10396,ATK
10397,ATL
10398,ATM
10399,ATN
10400,ATO
10401,ATP
10402,ATQ
10403,ATR
10404,ATS
10405,ATT
10406,ATU
10407,ATV
10408,ATW
10409,ATY
10410,ATZ
10411,AUA
10412,AUC
10413,AUD
10414,AUG
10415,AUH
10416,AUK
10417,AUM
10418,AUN
10419,AUO
10420,AUP
10421,AUQ
10422,AUR
10423,AUS
10424,AUW
10425,AUX
10426,AUY
10427,AUZ
10428,AVB
10430,AVI
10431,AVL
10432,AVN
10433,AVO
10434,AVP
10435,AVV
10436,AVW
10437,AVX
10438,AWA
10439,AWK
10440,AWM
10441,AWR
10442,AWX
10443,AWZ
10444,AXA
10445,AXB
10446,AXC
10447,AXD
10448,AXM
10449,AXN
10450,AXP
10451,AXS
10452,AXT
10453,AXU
10454,AXV
10455,AXX
10456,AYL
10457,AYP
10458,AYQ
10459,AYR
10460,AYS
10461,AYT
10462,AYW
10463,AZ1
10464,AZ2
10465,AZ3
10466,AZA
10467,AZD
10468,AZG
10469,AZO
10470,AZS
10471,B19
10472,B21
10473,BAA
10474,BAB
10475,BAC
10476,BAD
10477,BAE
10478,BAF
10479,BAG
10480,BAH
10481,BAI
10482,GYD
10483,BAL
10484,BAM
10485,BAO
10486,BAQ
10487,BAR
10488,#N/A
10489,BAU
10490,BAV
10491,BAX
10492,BAY
10493,BBA
10494,BBC
10495,BBF
10497,BBI
10498,BBO
10499,BBQ
10500,BBR
10501,BBS
10502,BBT
10503,BBU
10504,BBX
10505,BBY
10506,BBZ
10507,BCA
10508,BCB
10509,BCC
10510,BCD
10511,BCE
10512,BCH
10513,BCI
10514,BCJ
10515,BCL
10516,BCM
10517,BCN
10518,BCS
10519,BCT
10520,BCY
10521,BDA
10522,BDB
10523,BDE
10524,BDG
10525,BDH
10526,BDI
10527,BDJ
10528,BDK
10529,BDL
10530,BDM
10531,BDN
10532,BDO
10533,BDP
10534,BDQ
10535,BDR
10536,BDS
10537,BDU
10538,BDY
10539,BEB
10540,BED
10541,BEF
10542,BEG
10543,BEH
10544,BEI
10545,BEL
10547,BEN
10548,BEO
10549,BER
10550,BES
10551,BET
10552,BEU
10553,BEV
10554,BEW
10555,BEY
10556,BFB
10557,BFD
10558,BFF
10559,BFI
10560,BFK
10561,BFL
10562,BFM
10563,BFN
10564,BFO
10565,BFP
10566,BFQ
10567,BFR
10568,BFS
10569,BFT
10570,BGA
10571,BGB
10572,BGD
10573,BGE
10574,BGF
10575,BGI
10576,BGL
10577,BGM
10578,BGN
10579,BGO
10580,BGQ
10581,BGR
10582,BGS
10583,BGT
10584,BGU
10585,BGW
10586,BGX
10587,BGY
10588,BH1
10589,BHB
10590,IFP
10591,BHD
10592,BHE
10593,BHG
10594,BHH
10595,BHI
10596,BHJ
10597,BHK
10598,BHL
10599,BHM
10600,BHN
10601,BHO
10602,BHQ
10603,BHR
10604,BHS
10605,BHT
10606,BHU
10607,BHV
10608,BHX
10609,BHY
10610,BHZ
10611,BIA
10612,BIC
10613,BID
10614,BIE
10615,BIF
10616,BIG
10617,BIH
10618,BII
10619,BIK
10620,BIL
10621,BIM
10622,BIN
10623,BIO
10624,BIP
10625,BIQ
10626,BIR
10627,BIS
10628,BIV
10629,BIX
10630,BJC
10631,BJI
10632,BJJ
10633,BJL
10634,BJM
10635,BJR
10636,BJU
10637,BJV
10638,BJX
10639,BJZ
10640,BKC
10641,BKE
10642,BKF
10643,BKG
10644,BKH
10645,BKI
10646,DMK
10647,BKL
10648,BKM
10650,BKO
10651,BKQ
10652,BKS
10653,BKU
10654,BKW
10655,BKX
10656,BKY
10657,BKZ
10658,BLA
10659,BLB
10660,BLC
10661,BLD
10662,BLE
10663,BLF
10664,BLG
10665,BLH
10666,BLI
10667,BLJ
10668,BLK
10669,BLL
10670,BLM
10671,BLO
10672,BLP
10673,BLQ
10674,BLR
10675,BLT
10676,BLV
10677,BLZ
10678,BMA
10679,BMB
10680,BMC
10681,BMD
10682,BME
10683,BMG
10684,BMH
10685,BMI
10686,BMJ
10687,BML
10688,BMM
10689,BMO
10690,BMP
10691,BMW
10692,BMX
10693,BNA
10694,BNB
10695,BND
10696,BNE
10697,BNF
10698,BNG
10699,BNI
10700,BNK
10701,BNL
10702,BNN
10703,BNO
10704,BNS
10705,BNX
10706,BNZ
10707,BOA
10708,BOB
10709,BOC
10710,BOD
10711,BOG
10712,BOH
10713,BOI
10714,BOJ
10715,BOK
10716,BOM
10717,BON
10718,BOO
10719,BOQ
10720,BOR
10721,BOS
10722,BOW
10723,BOX
10724,BOY
10725,BPH
10726,BPN
10727,BPS
10728,BPT
10729,BQA
10730,BQH
10731,BQK
10732,BQN
10733,BQS
10734,BQU
10735,BQV
10736,BR1
10737,BRA
10738,BRC
10739,BRD
10740,BRE
10741,BRG
10742,BRI
10743,BRK
10744,BRL
10745,BRM
10746,BRN
10747,BRO
10748,BRQ
10749,BRR
10750,BRS
10751,BRT
10752,BRU
10753,BRV
10754,BRW
10755,BRX
10756,BRY
10757,BSA
10758,BSB
10759,BSD
10760,BSG
10761,BSK
10762,BSL
10763,#N/A
10764,BSO
10765,BSQ
10766,BSR
10767,BSS
10768,BSU
10769,BSW
10770,A2K
10771,BTA
10772,BTC
10773,BTE
10774,BTH
10775,BTI
10776,BTJ
10777,BTK
10778,BTL
10779,BTM
10780,BTP
10781,BTR
10782,BTS
10783,BTT
10784,BTU
10785,BTV
10786,BTY
10787,BTZ
10788,BUA
10789,BUC
10790,BUD
10791,BUE
10792,BUF
10793,BUG
10794,BUH
10795,BUL
10796,BUM
10797,BUN
10798,BUO
10799,BUQ
10800,BUR
10801,BUS
10802,BUU
10803,BUV
10804,BUX
10805,BUY
10806,BUZ
10807,BVA
10808,BVB
10809,BVD
10810,BVI
10811,BVO
10812,BVR
10814,BVX
10815,BVY
10816,BWA
10817,BWD
10818,BWE
10819,BWG
10820,BWH
10821,BWI
10822,BWJ
10823,BWM
10824,BWN
10825,BWS
10826,BWT
10827,BWY
10828,BXC
10829,BXD
10830,BXE
10832,BXS
10833,BXU
10834,BYA
10835,BYC
10836,RKH
10837,BYG
10838,BYH
10839,BYI
10840,BYK
10841,MI5
10842,BYT
10843,BYU
10844,BYW
10845,BZA
10846,BZE
10847,BZG
10848,BZI
10849,BZN
10850,BZO
10851,BZR
10852,BZS
10853,BZT
10854,BZV
10856,BZZ
10857,C01
10858,C02
10859,CA1
10860,CA2
10861,CA3
10862,CA4
10863,CA5
10865,CAB
10866,CAC
10867,CAD
10868,CAE
10869,CAF
10870,CAG
10871,CAH
10872,CAI
10873,CAJ
10874,CAK
10875,CAL
10876,CAM
10877,CAN
10878,CAP
10879,CAR
10880,CAS
10881,CAT
10882,CAW
10883,CAX
10884,CAY
10885,CAZ
10886,CBA
10887,CBB
10888,CBE
10889,CBF
10890,CBG
10891,CBH
10892,CBK
10893,CBL
10894,CBM
10895,CBO
10896,CBQ
10897,CBR
10898,CBV
10899,CBY
10900,CCC
10902,CCF
10903,CCH
10904,CCI
10905,CCJ
10906,CCK
10907,CCM
10908,CCN
10909,CCP
10910,CCR
10911,CCS
10912,CCU
10914,CCX
10915,CCY
10916,CCZ
10917,CDB
10918,CDC
10919,CDF
10920,CDG
10921,CDH
10922,CDJ
10923,CDL
10924,CDN
10925,CDR
10926,CDV
10927,CDW
10928,CEA
10929,CEB
10930,CEC
10931,CED
10933,CEF
10934,CEG
10935,CEI
10936,CEK
10937,CEL
10938,CEM
10939,CEN
10940,CEO
10941,CEP
10942,CEQ
10943,CER
10944,CET
10945,CEU
10946,CEV
10947,CEW
10948,CEX
10949,CEY
10950,CEZ
10951,CFA
10952,CFB
10953,CFE
10954,CFG
10955,CFQ
10956,CFR
10957,CFS
10958,CFT
10959,CFU
10960,CFV
10961,CGA
10962,CGB
10963,CGC
10964,CGE
10965,CGF
10966,CGH
10967,CGI
10968,CGK
10969,CGM
10970,CGN
10971,CGO
10972,CGP
10973,#N/A
10974,CGR
10975,CGS
10976,CGU
10977,CGX
10978,CGY
10979,CGZ
10980,CHA
10981,CHC
10982,CHD
10983,CHE
10984,CHF
10985,CHG
10986,CHI
10987,CHL
10988,CHM
10990,CHO
10991,CHP
10992,CHQ
10993,CHR
10994,CHS
10995,CHT
10996,CHU
10997,CHW
10998,CHX
10999,CHZ
11000,CIA
11001,AVX
11002,CIC
11003,CID
11004,CIG
11005,CIH
11006,CIJ
11007,CIK
11008,CIL
11009,CIN
11010,CIP
11011,CIR
11013,CIU
11014,CIV
11015,CIW
11016,CIX
11017,CIY
11018,CJA
11019,CJB
11020,CJC
11021,CJI
11023,CJL
11024,CJS
11025,CJU
11026,CJW
11027,CKB
11028,CKD
11029,CKE
11030,CKG
11031,CKM
11032,CUN
11033,CKS
11034,CKU
11035,CKV
11036,CKX
11037,CKY
11038,CLA
11039,CLB
11040,CLC
11041,CLD
11042,CLE
11043,CLF
11044,CLG
11045,CLH
11046,CLI
11047,CLJ
11048,CLK
11049,CLL
11050,CLM
11051,CLN
11052,CLO
11053,CLP
11054,CLQ
11055,CLR
11056,CLS
11057,CLT
11058,CLU
11059,CLY
11060,CMA
11061,CMB
11062,CMD
11063,CME
11064,CMF
11065,CMG
11066,CMH
11067,CMI
11068,CMJ
11069,CMM
11070,CMN
11071,CMR
11072,CMT
11073,CMU
11074,CMV
11075,CMW
11076,CMX
11077,CNA
11078,CNB
11079,CNC
11080,CND
11081,CNE
11082,CNF
11083,CNK
11084,CNL
11085,CNM
11086,CNO
11087,CNQ
11088,CNR
11089,CNS
11090,CNW
11091,CNX
11092,CNY
11093,CO3
11094,CO4
11095,COA
11096,COC
11097,COD
11098,COE
11099,COF
11100,COG
11101,COH
11102,COJ
11103,COK
11104,COL
11105,COM
11106,CON
11107,COO
11108,COR
11109,COS
11110,COT
11111,COU
11112,COY
11113,CPA
11114,CPB
11115,CPC
11116,CPD
11117,CPE
11118,CPH
11119,CPN
11120,#N/A
11121,CPQ
11122,CPR
11123,CPS
11124,CPT
11125,CPV
11126,CPX
11127,CQF
11128,CQL
11130,CQW
11131,CRA
11132,CRB
11133,CRC
11134,CRD
11135,CRE
11136,CRG
11137,CRI
11138,CRK
11139,CRL
11140,CRP
11141,CRQ
11142,CRR
11143,CRS
11144,CRU
11145,CRV
11146,CRW
11147,CRX
11148,CSD
11149,CSE
11150,CSG
11151,CSI
11152,CSM
11153,CSN
11154,CSP
11155,CSR
11156,CSS
11157,CST
11158,CSU
11159,CSV
11160,CSX
11161,CTA
11162,CTB
11163,CTC
11164,CTG
11165,CTH
11166,CTL
11167,CTM
11168,CTN
11169,CTO
11170,CTS
11171,CTT
11172,CTU
11173,CTW
11174,CTX
11175,CTY
11176,CUB
11177,CUC
11178,CUE
11179,CUF
11180,CUL
11181,CUM
11183,CUP
11184,CUQ
11185,CUR
11186,CUT
11187,CUU
11188,CUW
11189,CUY
11190,CUZ
11191,CVA
11192,CVF
11193,CVG
11194,CVJ
11195,CVL
11196,CVM
11197,CVN
11198,CVO
11199,CVQ
11200,CVS
11201,CVT
11202,CVX
11203,CWA
11204,CWB
11207,CWI
11208,CWL
11209,CWS
11210,CWT
11211,CXA
11212,CXB
11213,CXC
11214,CXF
11215,CXH
11216,CXI
11217,CXJ
11218,CXL
11219,CXO
11220,CXP
11222,CXT
11223,CXY
11224,CYA
11225,CYB
11226,CYC
11227,CYF
11229,CYI
11230,CYM
11231,CYP
11232,CYR
11233,CYS
11234,CYT
11235,CYZ
11236,CZA
11237,CZB
11238,CZC
11240,CZE
11241,CZF
11242,CZH
11243,CZL
11244,CZM
11245,CZN
11246,CZO
11247,CZP
11248,CZS
11249,CZU
11250,CZW
11251,CZX
11252,DAB
11253,DAC
11254,DAD
11255,DAE
11256,DAF
11257,DAG
11258,DAK
11259,DAL
11260,DAM
11261,DAN
11262,DAR
11263,DAT
11264,DAU
11265,DAV
11266,DAX
11267,DAY
11269,DBB
11271,DBM
11272,DBN
11273,DBO
11274,DBQ
11275,DBT
11276,DBV
11277,DBY
11278,DCA
11279,DCF
11280,DCK
11281,DCS
11282,DCU
11283,DDC
11284,DDP
11285,DE1
11286,DEA
11287,DEB
11288,DEC
11289,DEH
11290,DEL
11291,DEM
11292,DEN
11294,DES
11295,DET
11296,DEZ
11297,DFI
11298,DFW
11299,DGB
11301,DGO
11302,DGT
11303,DGW
11304,DHA
11306,DHI
11307,DHL
11308,DHN
11309,DHT
11311,DIB
11312,DIE
11313,DIG
11314,DIJ
11315,DIK
11316,DIL
11317,DIO
11318,DIR
11319,DIS
11320,DIU
11321,DIV
11322,DIY
11323,DJB
11324,DJE
11325,DJG
11326,DJJ
11327,DJN
11328,DJO
11329,DK1
11330,DKI
11331,DKK
11332,DKR
11333,DLA
11334,DLC
11335,DLF
11336,DLG
11337,DLH
11338,DLI
11339,DLL
11340,DLM
11341,DLO
11342,DLS
11343,DLU
11344,DMA
11345,DME
11348,DMN
11349,DMO
11350,DMU
11351,DNA
11352,DNB
11353,DNC
11354,DND
11355,DNE
11357,DNK
11358,DNL
11359,DNN
11360,DNO
11361,DNQ
11362,DNR
11363,DNV
11365,DNZ
11366,DOD
11367,DOF
11368,DOG
11369,DOH
11370,DOK
11371,DOL
11372,DOM
11373,DON
11374,DOU
11375,DOV
11376,DPA
11377,DPG
11378,DPL
11379,DPO
11380,DPS
11381,AA8
11382,DQB
11383,DQC
11384,DQD
11385,DQE
11387,DQG
11388,A20
11389,DQI
11390,DQJ
11391,DQK
11392,DQL
11394,DQN
11395,DQO
11396,DQP
11397,DQQ
11398,1G4
11399,DQS
11400,DQT
11401,DQU
11402,DQV
11403,DQW
11404,DQX
11405,DQY
11406,DQZ
11407,DRA
11408,DRB
11409,DRE
11410,DRF
11411,DRG
11412,DRN
11413,DRO
11414,DRS
11415,DRT
11416,DRU
11417,DRW
11418,DSA
11419,DSD
11420,DSE
11421,DSI
11422,DSK
11423,DSM
11424,DTA
11425,DTH
11427,DTL
11428,DTM
11429,DTN
11430,DTO
11431,DTR
11432,DTT
11433,DTW
11434,DUA
11435,DUB
11436,DUC
11437,DUD
11438,DUE
11439,DUF
11440,DUG
11441,DUJ
11442,DUQ
11443,#N/A
11444,DUS
11445,DUT
11446,DVK
11447,DVL
11448,DVN
11449,DVO
11450,DVT
11452,DWA
11453,DWH
11454,DWS
11455,DXB
11456,DXR
11457,DYG
11458,DYR
11459,DYS
11460,DYU
11461,DZA
11462,DZO
11463,EAA
11464,EAG
11466,EAM
11467,EAN
11468,EAR
11469,EAS
11470,EAT
11471,EAU
11472,EBA
11473,EBB
11474,EBD
11475,EBJ
11476,EBL
11477,EBU
11478,ECA
11479,ECG
11480,ECN
11481,ECP
11482,ECS
11483,ECU
11484,EDA
11486,EDE
11487,EDF
11488,EDI
11489,EDL
11490,EDW
11491,EED
11492,EEK
11493,EEN
11494,EFB
11495,EFD
11496,EFK
11497,EFL
11498,EG1
11499,EG2
11500,EG3
11501,EGA
11502,EGC
11503,EGE
11504,EGI
11505,EGN
11506,EGP
11507,EGS
11508,EGT
11510,EGV
11511,EGX
11512,EHM
11513,EHR
11514,EHT
11515,EIA
11516,EIB
11517,EIL
11518,EIN
11519,EIS
11520,EJA
11521,EJH
11522,EKA
11523,EKI
11524,EKN
11525,EKO
11526,EKX
11527,EKY
11528,ELA
11529,ELB
11530,ELC
11531,ELD
11532,ELF
11533,ELG
11534,ELH
11535,ELI
11536,ELJ
11537,ELM
11538,ELN
11540,ELP
11541,ELQ
11543,ELS
11544,ELT
11545,ELV
11546,ELW
11547,ELY
11548,EMA
11549,EMD
11550,EMK
11551,EMM
11552,EMN
11553,EMP
11554,EMT
11555,ENA
11556,ENC
11557,END
11558,ENL
11559,ENN
11560,ENQ
11561,ENS
11562,ENU
11563,ENV
11564,ENW
11565,EOH
11566,EOK
11567,EPH
11569,EPL
11570,EPN
11571,EPR
11572,EQS
11573,ERA
11574,ERC
11575,ERD
11576,ERF
11577,ERI
11578,ERM
11579,ERN
11580,ERS
11581,ERT
11582,ERV
11583,ERZ
11584,ES1
11585,ESA
11586,ESB
11587,ESC
11588,ESD
11589,ESE
11590,ESF
11591,ESM
11592,ESN
11593,ESP
11594,ESR
11595,ESS
11596,ETH
11597,ETN
11598,ETS
11599,ETZ
11600,EUA
11601,EUE
11602,EUF
11603,EUG
11604,EUN
11605,EUX
11606,EVC
11607,EVE
11608,EVG
11609,EVM
11610,EVN
11612,EVV
11613,EVW
11614,EVX
11615,EWB
11616,EWK
11617,EWN
11618,EWR
11619,EXI
11620,EXT
11621,EXU
11622,EYL
11623,EYP
11624,EYW
11625,EZE
11626,EZS
11627,F70
11628,FAB
11629,FAE
11630,FAI
11631,FAJ
11632,FAK
11633,FAL
11634,FAM
11635,FAN
11636,FAO
11637,FAR
11638,FAT
11639,FAU
11640,FAV
11641,FAY
11642,FBG
11643,FBK
11644,FBM
11645,FBR
11646,FBS
11647,FBU
11648,FCA
11649,FCH
11650,FCM
11651,FCO
11652,FCS
11653,FDE
11654,FDF
11655,FDH
11656,FDK
11657,FDR
11658,FDU
11659,FDY
11660,FEG
11661,FEN
11662,FEP
11663,FET
11664,FEW
11665,FEZ
11666,FFD
11667,FFM
11668,FFO
11669,FFT
11670,FGD
11671,FGI
11673,FHU
11674,FIC
11675,FID
11676,FIH
11677,FIL
11678,FIN
11679,FIZ
11680,FJR
11681,FKB
11682,FKI
11683,FKJ
11684,FKL
11685,FKS
11686,FL1
11687,FL2
11688,FL3
11689,FL4
11690,FL5
11691,FLA
11692,FLB
11693,FLD
11694,FLF
11695,FLG
11696,FLJ
11697,FLL
11698,FLN
11699,FLO
11700,FLR
11701,FLS
11702,FLT
11703,FLU
11704,FLV
11705,FLW
11706,FLX
11707,FMA
11708,FMC
11709,FMH
11710,FMI
11711,FMN
11712,FMO
11713,FMS
11714,FMY
11715,FNA
11716,FNC
11717,FNI
11718,FNJ
11719,FNL
11720,FNR
11721,FNT
11723,FOB
11724,FOC
11725,FOD
11726,FOE
11727,FOG
11728,FOK
11730,FOR
11731,FPO
11732,FPR
11733,FPY
11734,FQA
11735,FQB
11736,FQC
11737,FQD
11738,FQE
11739,FQF
11740,FQG
11741,FQH
11742,FQI
11743,FQJ
11744,FQK
11745,FQL
11747,FQN
11748,FQO
11749,FQP
11750,FQQ
11751,FQR
11754,FQU
11755,FQV
11756,FQW
11757,FQX
11758,FQY
11760,FRA
11761,FRC
11762,FRD
11763,FRF
11764,FRG
11765,FRL
11766,FRM
11767,FRO
11768,FRP
11769,FRR
11770,FRS
11771,FRU
11772,FRW
11773,FRY
11774,FSC
11775,FSD
11776,FSI
11777,FSK
11778,FSM
11779,FSP
11780,FST
11781,FSZ
11782,FTC
11783,FTE
11784,FTG
11785,FTK
11786,FTL
11787,FTU
11788,MVZ
11789,FTW
11790,FTY
11791,FUE
11792,FUJ
11793,FUK
11794,FUL
11795,FUN
11796,FUT
11797,FVA
11798,FVB
11799,FVC
11800,FVD
11801,FVE
11802,FVF
11803,FVG
11804,FVH
11805,FVI
11806,FVJ
11810,FVN
11811,FVO
11812,FVP
11813,FVQ
11814,FVR
11815,FVS
11816,FVT
11817,FVU
11818,FVV
11819,FVW
11820,FVX
11821,FVY
11822,FVZ
11823,FWA
11824,FWH
11825,FWL
11826,FWS
11827,FXE
11828,A35
11829,FXO
11830,FXR
11831,FXY
11832,FYT
11833,FYU
11834,FYV
11835,FZO
11836,GA1
11837,GA2
11838,GA3
11839,GAC
11840,GAD
11841,GAE
11842,GAI
11843,GAJ
11844,GAL
11845,GAM
11846,GAN
11847,GAO
11848,GAQ
11849,GAR
11850,GAT
11851,GAU
11852,GAW
11853,GAY
11854,GB1
11855,GBA
11856,GBD
11857,GBE
11858,GBG
11859,GBH
11860,GBJ
11861,GBK
11862,GBR
11863,GBU
11864,GCA
11865,GCC
11866,GCI
11867,GCK
11868,GCM
11869,GCN
11870,GCY
11871,GDC
11872,GDE
11873,GDH
11874,GDL
11875,GDM
11876,GDN
11877,GDQ
11878,GDT
11879,GDV
11880,GDW
11881,GDX
11882,GEA
11883,GED
11884,GEG
11885,GEK
11886,GEL
11887,GEN
11888,GEO
11889,GER
11890,GES
11891,GET
11892,GEV
11893,GEY
11894,GEZ
11895,GFA
11896,GFB
11897,GFF
11898,GFK
11899,GFL
11900,GFN
11901,GFO
11902,GFR
11903,GFY
11904,GGE
11905,GGG
11906,GGN
11907,GGT
11908,GGW
11909,GHA
11910,GHB
11911,GHC
11912,GHT
11913,GHU
11914,GIB
11915,GIG
11916,GIL
11917,GIS
11918,GIZ
11919,GJA
11920,GJM
11921,GJT
11922,GKA
11923,GKL
11924,GKN
11926,GL1
11927,GL2
11928,GLA
11929,GLD
11930,GLF
11931,GLH
11932,GLI
11933,GLK
11934,GLM
11935,GLN
11936,GLO
11937,GLQ
11938,GLR
11939,GLS
11940,GLT
11941,GLV
11942,GLW
11943,GMA
11944,GMC
11945,GMP
11946,GMT
11947,GMU
11948,GNA
11949,GNB
11950,GND
11951,GNR
11952,GNU
11953,GNV
11954,GOA
11955,GOB
11956,GOH
11957,DBL
11958,GOJ
11959,GOL
11960,GOM
11961,GON
11962,GOO
11963,GOP
11964,GOR
11965,GOS
11966,GOT
11967,GOU
11968,GOV
11969,GOZ
11970,GPI
11971,GPM
11972,GPS
11973,GPT
11974,GPZ
11975,GQQ
11976,GRA
11977,GRB
11978,GRD
11979,GRF
11980,GRI
11981,GRJ
11982,GRK
11983,GRO
11984,GRP
11985,GRQ
11986,GRR
11987,GRS
11988,GRU
11989,GRW
11990,GRX
11991,GRZ
11992,GSB
11993,GSE
11994,GSH
11995,GSO
11996,GSP
11997,GST
11999,GSW
12000,GT1
12001,GTB
12002,GTE
12003,GTF
12004,GTK
12005,GTN
12006,GTO
12007,GTR
12008,GTU
12009,GTW
12010,GUA
12011,GUB
12012,GUC
12013,GUD
12014,GUH
12015,GUI
12016,GUM
12017,GUO
12018,GUP
12019,GUQ
12020,GUR
12021,GUS
12022,GUT
12023,GUW
12024,GUY
12025,GUZ
12026,GVA
12027,GVE
12028,GVL
12029,GVQ
12030,GVR
12031,GVT
12032,GVW
12033,GVX
12034,GWD
12035,GWE
12038,GWL
12039,GWO
12040,GWR
12041,GWS
12042,GWT
12044,GWY
12045,GXF
12046,GXH
12047,GXQ
12048,GXX
12049,GYA
12050,BAK
12051,GYE
12052,GYM
12053,GYN
12054,GYR
12055,GYY
12056,GZO
12057,GZT
12058,HAB
12059,HAC
12060,HAD
12061,HAE
12062,HAF
12063,HAH
12064,HAJ
12065,HAK
12066,HAM
12067,HAN
12068,HAO
12069,HAP
12070,HAR
12071,HAS
12072,HAU
12073,HAV
12074,HAY
12075,HBA
12076,HBC
12077,HBE
12078,HBG
12079,HBH
12080,HBI
12081,HBL
12082,HBT
12083,HBV
12084,HBY
12085,HCA
12086,HCB
12087,HCR
12088,HDA
12089,HDB
12090,HDD
12091,HDF
12092,HDH
12093,HDM
12094,HDN
12095,HDS
12096,HDY
12097,HEA
12098,HED
12099,HEH
12100,HEI
12101,HEL
12102,HER
12103,HES
12104,HET
12105,HEX
12106,HEZ
12107,HFA
12108,HFD
12109,#N/A
12110,HFF
12111,HFN
12112,HFT
12113,HGA
12114,HGD
12115,HGH
12116,HGL
12117,HGN
12118,HGO
12119,HGR
12120,HGS
12121,HGU
12122,HGZ
12123,HHE
12124,HHH
12125,HHN
12126,HHP
12127,HHR
12128,HIA
12129,HIB
12130,HIE
12131,HIF
12132,HII
12133,HIJ
12134,HIK
12135,HIN
12136,HIO
12137,HIR
12138,HIS
12139,HJR
12140,HKA
12141,HKB
12142,HKD
12143,HKG
12144,HKK
12145,HKN
12146,HKP
12147,HKS
12148,HKT
12149,HKY
12150,HLA
12151,HLD
12152,HLF
12153,HLG
12154,HLI
12155,HLM
12156,HLN
12157,HLO
12158,HLP
12159,HLT
12160,HLZ
12162,HME
12163,HMN
12164,HMO
12165,HMS
12166,HMT
12167,HNA
12168,HNC
12169,HND
12170,HNG
12171,HNH
12173,HIK
12174,HNM
12175,HNS
12177,HOB
12178,HOD
12179,HOF
12180,HOG
12181,HOI
12182,HOK
12183,HOL
12184,HOM
12185,HON
12187,HOP
12188,HOQ
12189,HOR
12190,HOT
12191,HOU
12192,HOV
12193,HOW
12194,HPA
12195,HPB
12196,HPH
12197,HPN
12198,HPT
12199,HPV
12200,HQM
12201,HRB
12203,HRE
12204,HRG
12205,HRK
12206,HRL
12207,HRO
12209,HRT
12210,HSC
12211,HSH
12212,HSI
12213,HSK
12214,HSL
12215,HSP
12216,HST
12217,HSV
12218,HTA
12219,HTF
12220,HTH
12221,HTI
12222,HTO
12223,HTS
12224,HTZ
12225,HUA
12226,HUC
12227,HUE
12228,HUF
12229,HUG
12230,HUH
12231,HUI
12232,HUL
12233,HUM
12234,HUN
12235,HUS
12236,HUT
12237,HUU
12238,HUV
12239,HUX
12240,HUY
12241,HVA
12242,HVB
12243,HVC
12244,HVN
12245,HVR
12246,HVS
12247,HWD
12248,HWI
12250,HYA
12251,#N/A
12252,HYG
12253,HYL
12254,HYR
12255,HYS
12257,HZH
12258,HZK
12259,HZL
12260,IA1
12261,IA2
12262,IA3
12263,IAB
12264,IAD
12265,IAG
12266,IAH
12267,IAM
12268,IAN
12269,IAR
12270,IAS
12271,IBA
12272,IBE
12273,ITI
12274,IBZ
12275,ICI
12276,ICK
12277,ICN
12278,ICT
12279,ICY
12280,IDA
12281,IDI
12282,IDO
12283,IDP
12284,IDR
12285,IE1
12286,IEG
12287,IEV
12288,IFJ
12289,IFL
12290,IFN
12291,IFO
12293,IGA
12294,IGG
12295,IGH
12296,IGL
12297,IGM
12298,IGN
12299,IGO
12300,IGR
12302,IGU
12303,IGX
12304,IHU
12305,II1
12306,II2
12307,II3
12308,II4
12309,IJU
12310,IJX
12311,IKA
12312,IKB
12313,IKI
12314,IKK
12315,IKO
12316,IKT
12317,IKV
12318,IL1
12319,ILE
12320,ILG
12321,ILI
12322,ILL
12323,ILM
12324,ILN
12325,ILO
12326,ILP
12327,ILQ
12328,ILR
12329,ILY
12330,ILZ
12331,IMF
12332,IML
12333,IMM
12334,IMP
12335,IMT
12336,IN1
12337,IN2
12338,INC
12339,IND
12340,INF
12341,ING
12342,INH
12343,INL
12344,INN
12345,INO
12347,INS
12348,INT
12349,INU
12350,INV
12351,INW
12352,IOA
12353,IOM
12354,ION
12355,IOR
12356,IOS
12357,IOU
12358,IOW
12359,IPC
12360,IPE
12361,IPH
12362,IPI
12363,IPL
12364,IPN
12365,IPT
12366,IQ1
12367,IQ2
12368,IQQ
12369,IQT
12370,IRC
12371,IRD
12372,IRG
12373,IRI
12374,IRJ
12375,IRK
12376,IRO
12377,IRP
12378,IRS
12379,IRV
12380,ISA
12381,ISB
12382,ISC
12383,ISG
12384,ISH
12385,ISI
12386,ISJ
12387,ISL
12388,ISM
12389,ISN
12390,ISO
12391,ISP
12392,ISQ
12393,ISR
12394,ISS
12395,IST
12396,ISW
12397,ITH
12400,ITM
12401,ITN
12402,ITO
12403,ITQ
12404,IUE
12405,IUS
12406,IVA
12407,IVC
12408,IVG
12409,IVL
12410,IVR
12411,IWA
12412,IWD
12413,IWJ
12414,IWO
12415,IWS
12416,IXA
12417,IXB
12418,IXC
12419,IXD
12420,IXE
12421,IXG
12422,IXH
12423,IXI
12424,IXJ
12425,IXK
12426,IXL
12427,IXM
12429,IXQ
12430,IXR
12431,IXS
12432,IXU
12433,IXW
12434,IXY
12435,IXZ
12436,IYK
12437,IZM
12438,IZO
12439,IZT
12440,JAB
12441,JAC
12442,JAF
12443,JAG
12444,JAI
12445,JAJ
12446,JAK
12447,JAL
12448,JAN
12449,JAO
12450,JAV
12451,JAX
12452,JBC
12453,JBK
12454,JBP
12455,JBR
12456,JCA
12457,JCC
12458,JCE
12459,JCH
12460,JCI
12461,JCK
12462,JDA
12463,JDB
12464,JDF
12465,JDG
12466,JDH
12467,JDM
12468,JDO
12469,JDT
12470,JDX
12472,JED
12473,JEE
12474,JEF
12476,JER
12477,JFB
12478,JFK
12479,JFN
12481,JFR
12482,JGA
12483,JGC
12484,JGG
12485,JGL
12486,JGP
12487,JGQ
12489,JHB
12490,JHC
12491,JHE
12492,JHM
12493,JHS
12494,JHW
12495,JHY
12496,JIB
12497,JID
12498,JIK
12499,JIL
12500,JIM
12501,JIN
12502,JJI
12503,JKG
12504,JKH
12505,JKL
12506,JKR
12507,JKT
12508,JKV
12509,JLA
12511,JLN
12512,JLR
12513,JMA
12514,JMB
12515,JMC
12516,JMK
12517,JMM
12518,JMN
12519,JMS
12520,JNB
12521,JNN
12522,JNP
12523,JNU
12524,JO1
12525,JO2
12526,JO3
12527,JOC
12528,JOE
12529,JOG
12530,JOH
12531,JOI
12533,JOL
12534,JOM
12535,JON
12536,JOR
12537,JOS
12539,JP2
12540,JPA
12541,JPB
12542,JPR
12543,JPT
12544,JQF
12545,JRA
12546,JRB
12547,JRC
12548,JRE
12549,JRF
12550,JRH
12551,JRO
12552,JRS
12553,JRV
12554,JSE
12555,JSI
12556,JSK
12557,JSO
12558,JSR
12559,JST
12561,JSY
12563,JTR
12564,JUB
12566,JUJ
12567,JUL
12568,JUM
12570,JUV
12571,JVL
12573,JWH
12574,TN8
12576,JXN
12577,JYP
12578,JYV
12579,JZA
12580,JZB
12581,JZC
12582,JZD
12583,JZE
12585,JZG
12586,JZH
12587,JZI
12588,JZJ
12589,JZK
12590,JZL
12591,JZM
12592,JZN
12593,JZO
12594,JZP
12595,JZQ
12596,JZR
12598,JZT
12599,JZU
12600,JZV
12601,JZW
12602,JZX
12603,JZY
12604,JZZ
12605,K01
12606,KAA
12607,KAB
12608,KAC
12609,KAD
12610,KAE
12611,KAG
12613,KAI
12614,KAJ
12615,KAL
12616,KAN
12617,KAO
12618,KAR
12619,KAT
12620,KAW
12621,KBC
12622,KBE
12623,KBG
12624,KBK
12625,KBL
12626,KBO
12627,KBP
12628,KBR
12629,KBS
12630,KBV
12631,KBW
12632,KCA
12633,KCC
12634,KCE
12635,KCG
12636,KCH
12637,KCK
12638,KCL
12639,KCN
12641,KCQ
12642,KCR
12644,KCZ
12645,KDH
12646,KDJ
12647,KDK
12648,KDT
12649,KEB
12650,KED
12651,KEF
12652,KEH
12653,KEK
12654,KEL
12655,KEM
12656,KEN
12657,KEO
12658,KEP
12659,KER
12661,KEZ
12662,KFA
12663,KFP
12664,KGA
12665,KGC
12666,KGD
12667,KGF
12668,KGG
12669,KGI
12670,KGJ
12671,KGK
12672,KGL
12674,KGS
12675,KGU
12676,KGX
12677,KGZ
12679,KHE
12680,KHH
12681,KHI
12682,KHK
12683,KHM
12684,KHN
12685,KHV
12686,KIB
12687,KID
12688,KIE
12689,KIH
12690,KIJ
12691,KIK
12692,KIM
12693,KIN
12694,KIR
12695,KIS
12696,KIT
12697,KIV
12698,KIW
12699,KIX
12700,KIY
12701,KJA
12702,KJK
12703,KK1
12704,KKA
12705,KKB
12706,KKC
12707,KKE
12708,KKH
12709,KKI
12710,KKJ
12711,KKK
12712,KKL
12713,KKN
12714,KKO
12716,KKU
12717,KKW
12718,KLB
12719,KLG
12720,KLL
12721,KLN
12722,KLO
12723,KLP
12724,KLR
12725,KLS
12726,KLU
12727,KLV
12728,KLW
12729,KLX
12730,KMA
12731,KMC
12732,KMF
12733,KMG
12734,KMI
12735,KMJ
12736,KMN
12737,KMO
12738,KMP
12739,KMQ
12740,KMS
12741,KMU
12742,KMX
12743,KMY
12744,KMZ
12745,KNB
12746,KND
12748,KNK
12749,KNN
12751,KNP
12752,KNS
12753,KNT
12754,KNU
12755,KNW
12756,KNX
12757,KNZ
12758,KOA
12760,KOE
12761,KOH
12762,KOI
12763,KOJ
12764,KOK
12765,KON
12766,KOP
12767,KOR
12768,KOS
12769,KOT
12770,KOW
12771,KOY
12772,KOZ
12773,KPB
12774,KPC
12775,KPH
12776,KPI
12777,KPK
12778,KPM
12779,KPN
12780,KPO
12781,KPP
12782,KPR
12783,KPS
12784,KPV
12785,KPY
12786,KQA
12787,KRB
12788,KRF
12789,KRK
12790,KRM
12791,KRN
12792,KRP
12793,KRR
12794,KRS
12795,KRT
12796,KS2
12798,KSA
12799,KSC
12800,KSD
12801,KSE
12802,KSF
12803,KSH
12804,KSI
12805,KSQ
12806,KSL
12807,KSM
12809,KSO
12810,KSP
12811,#N/A
12812,KSR
12813,KSU
12814,KTA
12815,KTB
12817,KTL
12818,KTM
12819,KTN
12820,KTP
12821,KTR
12822,KTS
12823,KTT
12824,KTW
12826,KUA
12827,KUD
12828,KUF
12829,KUH
12830,KUI
12831,KUK
12832,KUL
12833,KUM
12834,KUN
12835,KUO
12836,KUV
12837,KUW
12838,KUY
12840,KVA
12841,KVC
12843,KVG
12844,KVL
12845,KWA
12846,KWE
12847,KWF
12849,KWI
12850,KWJ
12851,KWK
12852,KWL
12853,KWN
12854,KWP
12855,KWT
12856,KWZ
12857,KXA
12858,KXK
12859,KY1
12860,KY2
12861,KY3
12862,KY4
12863,KY5
12864,KYA
12865,KYC
12866,KYK
12867,KYS
12868,KYU
12869,KZB
12870,KZH
12871,KZI
12872,KZN
12873,LAA
12874,LAB
12875,LAC
12876,LAD
12877,LAE
12878,LAF
12879,LAI
12880,LAJ
12881,LAK
12882,LAL
12883,LAM
12884,LAN
12885,LAO
12886,LAP
12887,LAQ
12888,LAR
12889,LAS
12890,LAU
12891,LAW
12892,LAX
12893,LAY
12894,LAZ
12895,LBA
12896,LBB
12897,LBC
12898,LBE
12899,LBF
12900,LBG
12901,LBI
12902,LBL
12903,LBP
12904,LBQ
12905,LBS
12906,LBT
12907,LBU
12908,LBV
12909,LBX
12910,LBY
12911,LCA
12912,LCC
12913,LCE
12914,LCG
12915,LCH
12916,LCI
12917,LCK
12918,LCM
12919,LCS
12920,LCY
12921,LDB
12922,LDE
12923,LDH
12924,LDI
12925,LDJ
12926,LDK
12927,LDM
12928,LDU
12929,LDV
12930,LDY
12931,LEA
12932,LEB
12933,LED
12934,LEE
12935,LEG
12936,LEH
12937,LEI
12938,LEJ
12939,LEK
12941,LEO
12942,LET
12943,LEV
12944,LEW
12945,LEX
12947,LFI
12948,LFK
12949,LFO
12950,LFR
12951,LFT
12952,LFW
12953,LGA
12954,LGB
12955,LGC
12956,LGD
12957,LGG
12958,LGH
12959,LGI
12960,LGK
12961,LGM
12962,LGP
12963,LGQ
12964,LGS
12965,LGU
12966,LGW
12967,LHA
12968,LHB
12969,LHE
12970,LHG
12971,LHQ
12972,LHR
12973,HII
12974,LHV
12975,LHW
12976,LHX
12977,LIA
12978,LIB
12979,LIC
12980,LIE
12981,LIG
12982,LIH
12983,LIJ
12984,LIK
12985,LIL
12986,LIM
12987,LIN
12988,LIO
12989,LIQ
12990,LIR
12991,LIS
12992,LIT
12993,LIV
12994,LIW
12995,LIY
12996,LIZ
12997,LJA
12998,LJG
12999,LJN
13000,LJU
13001,LJY
13002,LKE
13003,LKK
13004,LKL
13005,LKM
13006,LKN
13007,LKO
13008,LKP
13009,LKV
13010,LKZ
13011,LLA
13012,LLI
13013,LLW
13015,LLY
13016,LMA
13017,LMI
13018,LMM
13019,LMN
13020,LMO
13021,LMP
13022,LMQ
13023,LMS
13024,LMT
13026,LND
13027,LNE
13028,LNI
13029,LNK
13030,LNL
13031,LNP
13032,LNS
13033,LNT
13034,LNY
13035,LNZ
13036,LOA
13037,LOH
13038,LOI
13039,LOL
13040,LOM
13041,LON
13042,LOQ
13043,LOS
13044,LOU
13045,LOV
13046,LOZ
13047,LPA
13048,LPB
13049,LPC
13050,LPI
13051,LPL
13052,LPO
13053,LPP
13054,LPQ
13055,LPS
13056,LPT
13057,LPW
13058,LQK
13059,LRA
13060,LRC
13061,LRD
13062,LRE
13063,LRF
13064,LRG
13065,LRH
13066,LRI
13067,LRL
13068,LRM
13069,LRN
13070,LRO
13071,LRT
13072,LRU
13073,LSA
13074,LSC
13075,LSD
13076,LSE
13077,LSF
13078,LSI
13079,LSL
13080,LSN
13081,LSP
13082,LSQ
13083,LSR
13084,LSS
13085,LST
13086,LSU
13087,LSV
13088,LSX
13089,LTA
13090,LTB
13091,LTD
13092,LTI
13093,LTM
13094,LTN
13095,LTO
13096,LTQ
13097,LTS
13098,LTV
13099,LUA
13100,LUD
13101,LUE
13102,LUF
13103,LUG
13104,LUJ
13105,LUK
13106,LUL
13108,LUN
13109,LUP
13110,LUQ
13111,LUR
13112,LUT
13113,LUX
13114,LVB
13115,LVD
13116,LVI
13117,LVK
13118,LVM
13119,LVO
13120,LVS
13121,LWB
13122,LWC
13123,LWF
13124,LWL
13125,LWM
13126,LWO
13127,LWS
13128,LWT
13129,LWV
13130,LWY
13131,LXA
13132,LXN
13133,LXR
13134,LXS
13135,LXV
13136,LYB
13137,LYC
13138,LYE
13139,LYH
13140,LYN
13141,LYP
13142,LYR
13143,LYS
13144,LYU
13145,LYX
13146,LZC
13147,LZH
13149,LZO
13150,LZR
13151,LZU
13152,MA1
13153,MAA
13154,MAB
13155,MAC
13156,MAD
13157,MAE
13158,MAF
13159,MAG
13160,MAH
13161,MAI
13162,MAJ
13163,MAK
13164,MAM
13165,MAN
13166,MAO
13167,MAP
13169,MAR
13170,MAS
13171,MAT
13172,MAU
13173,MAW
13174,MAX
13175,MAY
13176,MAZ
13177,MBA
13178,MBH
13179,MBI
13180,MBJ
13181,MBK
13182,MBL
13183,MBO
13184,MBS
13185,MBT
13186,MBU
13187,MBX
13188,MBY
13189,MBZ
13190,MCA
13191,MCB
13192,MCC
13193,MCD
13194,MCE
13195,MCF
13196,MCG
13197,MCH
13198,MCI
13199,MCJ
13200,MCK
13201,MCL
13202,MCM
13203,MCN
13204,MCO
13205,MCP
13206,MCR
13207,MCS
13208,MCT
13209,MCU
13210,MCV
13211,MCW
13212,MCY
13213,MCZ
13214,MDA
13215,MDB
13216,MDC
13217,MDD
13218,MDE
13219,MDF
13220,MDG
13221,MDH
13222,MDI
13223,MDJ
13224,MDK
13225,#N/A
13226,MDO
13227,MDQ
13228,MDR
13229,MDS
13230,MDT
13231,MDU
13232,MDW
13233,MDX
13234,MDY
13235,MDZ
13236,ME1
13237,MEA
13238,MEB
13239,MEC
13240,MED
13241,MEI
13242,MEJ
13243,MEL
13244,MEM
13245,MEN
13246,MEO
13247,MEP
13248,MEQ
13249,MER
13250,MES
13251,MEV
13252,MEX
13253,MEY
13254,MFA
13255,MFD
13256,MFE
13257,MFF
13258,MFG
13259,MFH
13260,MFI
13261,MFM
13262,MFN
13263,MFQ
13264,MFR
13265,MFS
13266,MFT
13267,MFU
13268,MFV
13269,MGA
13270,MGB
13271,MGC
13272,MGD
13273,MGE
13274,MGF
13275,MGJ
13276,MGL
13277,MGM
13278,MGN
13279,MGQ
13280,MGR
13281,MGS
13282,MGW
13283,MGY
13284,MHA
13286,MHD
13287,MHE
13288,MHG
13289,MHH
13290,MHK
13291,MHL
13292,MHM
13293,MHO
13294,MHQ
13295,MHR
13296,MHT
13297,MHV
13299,MHZ
13300,MI1
13301,MI2
13302,MI3
13303,MIA
13304,MIB
13305,MIC
13306,MID
13307,MIE
13308,MII
13309,MIJ
13310,MIK
13311,MIL
13312,MIM
13313,MIN
13314,MIO
13315,MIP
13316,MIQ
13317,MIR
13318,MIS
13319,MIT
13320,MIU
13321,MIV
13322,MIW
13323,MIX
13324,MIZ
13325,MJA
13326,MJB
13327,MJC
13328,MJD
13329,MJF
13330,MJG
13331,MJI
13332,MJL
13333,MJM
13334,MJN
13335,MJQ
13336,MJT
13337,MJV
13338,MJX
13339,MJZ
13340,MKA
13341,MKC
13342,MKE
13344,MKG
13345,MKI
13346,MKJ
13347,MKK
13348,MKL
13349,MKM
13350,MKO
13351,MKP
13352,MKR
13353,MKS
13354,MKT
13355,MKU
13356,MKW
13357,MKY
13358,MKZ
13359,MLA
13360,MLB
13361,MLC
13362,MLD
13363,MLE
13364,MLF
13365,MLG
13366,BSL
13367,MLI
13368,MLK
13369,MLL
13370,MLM
13371,MLN
13372,MLO
13373,MLP
13374,MLQ
13375,MLS
13376,MLT
13377,MLU
13378,MLV
13379,MLW
13380,MLX
13381,MLY
13382,MLZ
13383,MMA
13384,MMB
13385,MMC
13386,MMD
13387,MME
13388,MMH
13389,MMI
13390,MMJ
13391,MMK
13392,MML
13393,MMM
13394,MMN
13395,MMP
13396,MMQ
13397,MMT
13398,MMU
13399,MMX
13400,MMY
13401,MN1
13402,MN2
13403,MN3
13404,MNB
13405,MNC
13406,MNI
13407,MNK
13408,MNL
13409,MNM
13410,MNN
13411,MNO
13413,MNR
13414,MNS
13415,MNT
13416,MNU
13417,MNX
13418,MNZ
13419,MO1
13420,MO2
13421,MOA
13422,MOB
13423,MOC
13424,MOD
13425,MOG
13426,MOL
13427,MOM
13428,MON
13429,MOP
13430,MOQ
13431,MOR
13432,MOS
13433,MOT
13434,MOU
13435,MOW
13437,MOY
13438,MOZ
13439,MPB
13440,ID2
13441,MPJ
13442,MPK
13443,MPL
13444,MPM
13445,MPN
13446,MPO
13447,MPR
13448,MPS
13449,MPT
13450,MPV
13451,MPX
13452,MQB
13453,MQJ
13454,MQL
13455,MQN
13456,MQP
13457,MQQ
13458,MQS
13459,MQT
13460,MQX
13461,MQY
13462,MRA
13463,MRB
13464,MRC
13465,MRD
13466,MRH
13467,MRI
13469,MRK
13470,MRN
13471,CCE
13472,MRS
13473,MRU
13474,MRV
13475,MRX
13476,MRY
13477,MRZ
13478,MS1
13479,MSA
13480,MSC
13481,MSE
13482,MSH
13483,MSJ
13484,MSL
13485,MSN
13486,MSO
13487,MSP
13488,MSQ
13490,MSS
13491,MST
13492,MSU
13493,MSV
13494,MSW
13495,MSY
13496,MSZ
13497,MT1
13498,MTC
13499,MTD
13500,MTE
13501,MTH
13502,MTJ
13503,MTL
13504,MTM
13505,MTN
13506,MTO
13507,MTP
13508,MTR
13509,MTS
13510,MTT
13511,MTV
13512,MTW
13513,MTX
13514,MTY
13515,MTZ
13516,MUA
13517,MUB
13518,MUC
13520,MUE
13521,MUG
13522,MUH
13523,MUL
13524,MUN
13525,MUO
13526,MUR
13527,MUT
13528,MUX
13530,MUZ
13531,MVB
13532,MVD
13533,MVF
13534,MVJ
13535,MVL
13536,MVM
13537,MVN
13539,MVR
13540,MVW
13541,MVY
13543,MWA
13544,MWC
13545,MWD
13546,MWH
13547,MWL
13548,MWM
13549,MWO
13550,MWQ
13551,MWZ
13552,MXB
13553,MXC
13554,MXE
13555,MXF
13556,MXG
13557,MXH
13558,MXJ
13559,MXL
13560,MXP
13561,MXS
13562,MXT
13563,MXX
13564,MXY
13565,MYA
13566,MYB
13567,MYC
13568,MYD
13569,MYE
13570,MYF
13571,MYG
13572,MYH
13573,MYJ
13574,MYK
13575,MYL
13576,MYP
13577,MYR
13578,MYT
13579,MYU
13580,MYV
13581,MYW
13582,MYY
13584,MZB
13585,MZG
13586,MZI
13587,MZJ
13588,MZK
13589,MZL
13590,MZM
13591,MZN
13592,MZO
13593,MZR
13594,MZT
13595,MZZ
13596,N47
13597,N87
13598,NAA
13599,NAD
13600,NAG
13601,NAK
13602,NAN
13603,NAO
13604,NAP
13605,NAS
13606,NAT
13607,NAU
13609,NAZ
13610,NBA
13611,NBC
13612,NBG
13613,NBJ
13614,BKK
13616,NBO
13617,NBU
13618,NBW
13619,NC1
13620,NC2
13621,NC3
13622,NC4
13623,NC5
13624,NCA
13625,NCE
13626,NCH
13627,NCI
13628,NCL
13629,NCN
13630,NCO
13631,NCP
13632,MGE
13633,NCS
13634,NCT
13635,NCU
13636,NCY
13637,ND1
13638,NDB
13639,NDC
13641,NDJ
13642,NDL
13643,NDR
13644,NDZ
13645,NE1
13646,NE2
13647,NEA
13648,NEG
13650,NEL
13651,NER
13652,CAT
13653,NEU
13654,NEV
13655,NEW
13656,NFL
13657,NGA
13658,NGB
13659,NGC
13660,NGD
13661,NGE
13662,NGF
13663,NGM
13664,NKM
13665,NGP
13666,NGS
13667,NGU
13668,NGZ
13669,NHA
13670,NHD
13671,NHK
13672,NHT
13673,NHV
13674,NHZ
13675,NIA
13676,NIB
13677,NIC
13678,NIE
13679,NIG
13680,NIM
13681,NIN
13682,NIP
13683,NIT
13684,NIX
13685,NJ1
13686,NJ2
13687,NJA
13688,NJC
13689,NJK
13690,NKA
13691,NKC
13692,NKG
13693,NKI
13694,NGO
13695,NKN
13696,NKS
13697,N1C
13698,NKV
13699,NKW
13700,NKX
13701,NLA
13702,NLC
13703,NLD
13704,NLG
13705,NLK
13706,NLO
13707,NLP
13708,NLS
13709,NMC
13710,NME
13711,NMG
13712,NNA
13713,NNG
13714,NNK
13715,NNL
13716,NNU
13717,NNY
13718,NOA
13719,NOC
13720,NOG
13721,NON
13722,NOP
13723,NOR
13724,NOS
13725,NOT
13726,NOU
13727,NOV
13728,NPA
13729,NPE
13730,NPL
13731,NPT
13732,NQA
13733,NQI
13734,NQN
13736,NQX
13737,NQY
13738,NRA
13739,NRB
13740,NRI
13741,NRK
13742,NRL
13743,NRR
13744,NRT
13745,NSA
13746,NSB
13747,NSE
13748,ADW
13749,NSI
13750,NSL
13751,NSN
13752,NSO
13753,NST
13754,NSY
13755,NT1
13756,NTD
13757,NTE
13758,NTL
13759,NTN
13760,NTO
13761,NTQ
13762,NTR
13763,NTU
13764,NTY
13765,NUE
13766,NUG
13767,NUI
13768,NUL
13769,NUN
13770,NUP
13771,NUQ
13772,NUW
13773,NV1
13774,NVA
13775,NVD
13776,NVK
13777,NVT
13778,NWI
13780,NXX
13781,NY1
13782,NY2
13783,#N/A
13784,NYC
13785,NYL
13786,NYO
13787,NYU
13788,NZC
13789,NZJ
13790,NZW
13791,NZY
13792,O85
13793,OAG
13794,OAI
13795,OAJ
13796,OAK
13797,OAM
13798,OAN
13799,OAX
13801,OBC
13802,OBF
13803,OBO
13804,OBS
13805,OBT
13806,OBU
13808,OCE
13809,OCF
13810,OCH
13811,OCI
13812,OCJ
13813,OCN
13814,OCW
13815,ODA
13816,ODB
13817,ODD
13818,ODE
13819,ODM
13820,ODS
13821,ODW
13822,OEC
13823,OER
13824,OFF
13825,OFK
13826,OFU
13827,OGA
13828,OGB
13829,OGD
13830,OGG
13831,OGN
13832,OGS
13833,OH1
13834,OH2
13835,OH3
13836,OH4
13837,OH5
13838,OH6
13839,OH7
13840,OHA
13841,OHC
13842,OHD
13843,OHI
13844,OHR
13845,OIC
13846,OIM
13847,OIT
13848,OJC
13850,OKA
13851,OKC
13852,OKD
13853,OKJ
13854,OKK
13855,OKN
13856,OKO
13857,OKR
13858,OKY
13859,OLA
13860,OLB
13861,OLE
13862,OLF
13863,OLH
13864,OLI
13865,OLM
13866,OLO
13867,OLP
13868,OLS
13869,OLU
13870,OLV
13871,OMA
13872,OMB
13873,OME
13874,OMH
13876,OMK
13877,OML
13878,OMO
13879,OMR
13880,OMS
13881,ONA
13882,OND
13883,ONG
13884,ONH
13885,ONJ
13886,ONL
13887,ONM
13888,ONN
13889,ONO
13890,ONP
13891,ONT
13892,ONX
13893,OOB
13894,OOK
13895,OOL
13896,OOM
13898,OPF
13899,OPH
13900,OPO
13901,OQA
13902,OQB
13903,OQC
13905,OQF
13906,OQG
13908,OQI
13909,OQK
13910,OQL
13911,OQM
13912,OQN
13913,OQO
13914,OQP
13915,OQQ
13916,OQR
13917,OQS
13919,OQU
13920,OQV
13921,OQW
13922,OQX
13923,OQY
13924,OQZ
13925,OR1
13926,OR2
13927,OR3
13928,ORB
13929,ORC
13930,ORD
13931,ORF
13932,ORG
13933,ORH
13934,ORI
13935,ORK
13936,ORL
13937,ORN
13939,ORP
13940,ORT
13941,ORU
13942,ORV
13943,ORY
13944,ORZ
13945,OSA
13946,OSB
13947,OSC
13948,OSD
13949,OSH
13950,OSI
13951,OSK
13952,GEN
13953,OSM
13954,OSN
13955,OSP
13956,OSR
13957,OST
13958,OSU
13959,OSX
13960,OSY
13961,OSZ
13962,OTD
13963,OTG
13964,OTH
13965,OTM
13966,OTP
13967,OTR
13968,OTS
13969,OTU
13970,OTZ
13971,OUA
13972,OUD
13973,OUE
13974,OUH
13975,OUL
13976,OUN
13977,OUR
13978,OVA
13979,OVB
13980,OVD
13981,OVE
13982,OWA
13983,OWB
13984,OWD
13986,OXB
13987,OXC
13988,OXR
13989,OXV
13990,OYA
13991,OYE
13992,OYK
13993,OYO
13994,OYS
13995,OZA
13996,OZC
13997,OZH
13998,OZP
13999,OZR
14000,PA1
14001,PA2
14002,PAA
14003,PAD
14004,PAE
14005,PAG
14006,PAH
14007,PAK
14009,PAM
14010,PAN
14011,PAO
14012,PAP
14013,PAQ
14014,PAR
14015,PAS
14016,PAT
14017,PAV
14018,PAX
14019,PAY
14020,PAZ
14021,PBA
14022,PBC
14023,PBD
14024,PBF
14025,PBG
14026,PBH
14027,PBI
14028,PBK
14029,PBL
14030,PBM
14031,PBN
14032,PBO
14033,PBR
14034,PBX
14036,PBZ
14037,PCA
14038,PCC
14039,PCD
14040,PCE
14041,PCG
14042,PCK
14043,PCL
14044,PCT
14045,PDA
14046,PDB
14047,PDC
14048,PDG
14050,PDK
14051,PDL
14052,PDP
14053,PDS
14054,PDT
14055,PDU
14056,PDV
14057,PDX
14058,PDZ
14059,PE1
14060,PE2
14061,PEA
14062,PEC
14063,PEE
14064,PEG
14065,PEI
14066,PEK
14067,PEM
14068,PEN
14069,PEO
14070,PEQ
14071,PER
14072,PET
14073,PEU
14074,PEW
14075,PFA
14076,PFB
14077,PFD
14078,PFN
14079,PFO
14080,PFR
14081,PGA
14082,PGD
14083,PGF
14084,PGH
14085,PGI
14086,PGK
14087,PGL
14088,PGM
14089,PGO
14091,PGS
14092,PGV
14093,PHA
14094,PHB
14095,PHC
14096,PHD
14097,PHE
14098,PHF
14099,PHI
14100,PHL
14101,PHN
14102,PHO
14103,PHR
14104,PHS
14105,PHT
14106,PHW
14107,PHX
14108,PIA
14109,PIB
14110,PIC
14111,PID
14112,PIE
14113,PIH
14114,PII
14115,PIK
14116,PIM
14117,PIN
14118,PIO
14119,PIP
14120,PIR
14121,PIS
14122,PIT
14123,PIU
14124,PIX
14125,PIZ
14126,PJB
14127,PJG
14128,PJM
14129,PJS
14130,PKA
14131,PKB
14132,PKC
14133,PKD
14134,PKE
14135,PKH
14136,PKK
14138,PKR
14139,PKU
14140,PKW
14141,PKZ
14142,PLA
14143,PLB
14144,PLC
14145,PLH
14147,PLK
14148,PLL
14149,PLM
14150,PLN
14151,PLO
14152,PLQ
14153,PLS
14154,PLT
14155,PLU
14156,PLW
14157,PLY
14158,PLZ
14159,PMA
14160,PMB
14161,PMC
14162,PMD
14163,PMF
14164,PMG
14165,PMH
14166,PMI
14167,PML
14168,PMO
14169,PMP
14170,PMQ
14171,PMR
14172,PMS
14173,PMU
14174,PMV
14175,PMW
14176,PMY
14177,PMZ
14178,PNA
14179,PNB
14180,PNC
14181,PND
14182,PNE
14183,PNF
14184,PNG
14185,PNH
14186,PNI
14187,PNK
14188,PNL
14189,PNO
14190,PNP
14191,PNQ
14192,PNR
14193,PNS
14194,PNX
14195,PNZ
14196,POA
14197,POB
14198,POC
14199,PFD
14200,POE
14201,POF
14202,POG
14203,POH
14204,POI
14205,POL
14206,POM
14207,POP
14208,POQ
14209,POR
14210,POS
14211,POT
14212,POU
14213,POW
14214,POX
14215,POY
14216,POZ
14217,PPB
14218,PPC
14219,PPD
14220,PPE
14221,PPF
14222,PPG
14223,PPM
14224,PPN
14225,PPO
14226,PPP
14227,PPS
14228,PPT
14229,PPV
14230,PPZ
14231,PQI
14232,PQM
14233,PQQ
14234,PQS
14235,PRA
14236,PRB
14237,PRC
14238,PRD
14239,PRG
14240,PRI
14241,PRJ
14243,PRN
14244,PRT
14245,PRU
14246,PRV
14247,PRX
14248,PRY
14249,PRZ
14250,PSA
14251,PSB
14252,PSC
14253,PSD
14254,PSE
14255,PSF
14256,PSG
14257,PSI
14258,PSK
14259,PSM
14260,PSN
14261,PSO
14262,PSP
14263,PSR
14264,PSS
14265,PSX
14266,PSY
14267,PSZ
14268,PTA
14269,PTC
14270,PTD
14271,PTF
14272,PTG
14273,PTH
14274,PTJ
14275,PTK
14276,PTL
14277,PTN
14278,PTP
14279,PTR
14280,PTS
14281,PTT
14282,PTU
14283,PTV
14284,PTW
14285,PTX
14286,PTY
14287,PTZ
14288,PUB
14289,PUC
14290,PUD
14291,PUF
14292,PUG
14293,PUJ
14294,PUK
14295,PUL
14296,PUO
14297,PUQ
14298,PUR
14299,PUS
14300,PUT
14301,PUU
14302,PUV
14303,PUW
14304,PUY
14305,PUZ
14306,PVC
14307,PVD
14308,PVF
14309,PVG
14310,PVH
14311,PVK
14312,PVR
14313,PVS
14314,PVU
14315,PVW
14316,PVY
14317,PVZ
14318,PWA
14319,PWE
14320,PWK
14321,PWM
14322,PWR
14323,PWT
14324,PXM
14325,PXO
14326,PXU
14327,PYA
14328,PYB
14329,PYH
14330,PYJ
14331,PYL
14332,PYM
14333,PYR
14334,PZA
14335,PZB
14336,PZE
14337,PZO
14338,PZU
14339,PZY
14341,QAF
14343,QAH
14344,QAJ
14345,QAK
14346,QAL
14347,LLX
14348,QAS
14352,QAX
14355,QBC
14358,QBH
14359,QBI
14360,QBM
14361,QBN
14365,QBT
14366,QBX
14367,QBY
14368,QC1
14371,CJR
14373,ZBR
14375,QCT
14377,QCW
14378,QCX
14379,QDC
14380,DMM
14383,QEM
14384,QFD
14386,QFX
14387,QGS
14388,QHI
14391,QHO
14392,QIR
14393,QJB
14395,QKV
14397,QMA
14399,QMH
14400,QMN
14403,QNE
14406,QOR
14408,QPG
14409,QPO
14410,QPT
14412,QQB
14413,QQC
14414,QQD
14415,QQE
14417,QQG
14420,QQJ
14422,QQL
14423,QQM
14424,QQN
14427,QQQ
14430,QQT
14431,QQU
14432,QQV
14434,QQX
14435,QQY
14438,QRD
14440,#N/A
14441,QSO
14444,WPO
14446,RAB
14447,RAC
14448,RAD
14449,RAE
14450,RAH
14451,RAI
14452,RAJ
14453,RAK
14454,RAL
14455,RAN
14456,RAO
14457,RAP
14458,RAR
14459,RAS
14460,RAT
14461,RAX
14462,RAZ
14463,RBA
14464,RBB
14465,RBD
14466,RBF
14467,RBG
14468,RBH
14469,RBL
14470,RBN
14471,RBO
14472,RBR
14474,RBY
14475,RCA
14476,RCB
14477,RCE
14478,RCH
14479,RCM
14480,RCO
14481,RCQ
14482,RCT
14483,RCU
14484,RDA
14485,RDB
14486,RDC
14487,RDD
14488,RDG
14489,RDM
14490,RDR
14491,RDT
14492,RDU
14493,RDV
14494,RDZ
14495,REB
14496,REC
14497,RED
14498,REE
14499,REG
14500,REH
14501,REK
14502,REL
14504,REN
14505,REP
14506,RER
14507,RES
14508,RET
14509,REU
14510,REX
14511,REY
14512,RFD
14513,RFP
14514,RGA
14515,RGI
14516,RGL
14517,RGN
14518,RGT
14519,RHE
14520,RHI
14521,RHO
14522,RIA
14523,RIB
14524,RIC
14525,RID
14526,RIE
14527,RIF
14528,RIG
14529,RIJ
14530,RIL
14531,RIO
14532,RIR
14533,RIV
14534,RIW
14535,RIX
14536,RIY
14537,RJK
14538,RJL
14539,RKD
14540,RKE
14541,RKP
14542,RKR
14543,RKS
14544,RKT
14545,RKV
14546,RKW
14547,RLA
14548,RLD
14549,RLG
14550,RLT
14551,RLU
14552,RMA
14553,RME
14554,RMG
14555,RMI
14556,RML
14557,RMN
14558,OMC
14559,RMP
14560,RMQ
14561,RMS
14562,RMT
14563,RNB
14564,RNC
14565,RND
14566,RNE
14567,RNG
14568,RNI
14569,RNN
14570,RNO
14571,RNS
14572,RNT
14573,RNU
14574,ROA
14575,ROB
14576,ROC
14577,ROG
14578,ROK
14579,ROL
14580,ROM
14581,ROO
14582,ROP
14583,ROR
14584,ROS
14585,ROT
14586,ROU
14587,ROV
14588,ROW
14589,ROX
14590,RPN
14591,RPR
14592,RPX
14593,RQA
14594,RQB
14595,RQC
14596,RQD
14597,RQE
14598,RQF
14599,RQG
14600,RQH
14601,RQI
14602,RQJ
14603,RQK
14604,RQL
14605,RQM
14606,RQN
14607,RQO
14608,RQP
14609,RQQ
14610,RQR
14611,RQS
14612,RQT
14613,RQU
14614,RQV
14615,RQW
14616,RQX
14617,RQY
14618,RQZ
14620,RRG
14621,RRK
14622,RRS
14623,RRT
14624,RSA
14625,RSC
14626,RSD
14627,RSH
14628,RSJ
14629,RSL
14630,RSN
14631,RSP
14632,RSS
14633,RST
14634,RSU
14635,RSW
14636,RTA
14637,RTB
14638,RTE
14639,RTM
14640,RTN
14641,RTO
14642,RTS
14643,RU1
14644,RU2
14645,RUH
14646,RUI
14647,RUN
14648,RUT
14649,RUV
14651,RVA
14652,RVN
14653,RVS
14654,RVY
14655,RWB
14656,RWI
14657,RWL
14658,RXB
14659,RXS
14660,RYE
14661,RYG
14662,RYK
14663,RZA
14664,RZE
14665,RZR
14666,RZS
14668,RZZ
14669,S27
14670,SAA
14671,SAB
14672,SAC
14673,SAD
14674,SAF
14675,SAG
14676,SAH
14677,SAL
14678,SAM
14679,SAN
14680,SAO
14681,SAP
14682,SAQ
14683,SAT
14684,SAU
14685,SAV
14686,SAW
14687,SAX
14688,SAY
14689,SBA
14690,SBC
14691,SBD
14692,SBH
14693,SBK
14694,SBL
14695,SBM
14696,SBN
14697,SBO
14698,SBP
14699,SBS
14700,SBT
14701,SBU
14702,SBV
14703,SBW
14704,SBY
14705,SBZ
14706,SC1
14707,SC2
14708,SC3
14709,SCC
14711,SCE
14712,SCF
14713,SCH
14714,SCI
14715,SCJ
14716,SCK
14717,SCL
14718,SCM
14719,SCN
14720,SCO
14721,SCQ
14722,SCU
14723,SCV
14724,SCX
14725,SCY
14726,SD1
14727,SDA
14728,SDD
14729,SDE
14730,SDF
14732,SDH
14733,SDJ
14734,SDK
14735,SDL
14736,SDM
14737,SDN
14738,SDP
14739,SDQ
14740,SDR
14741,SDT
14742,SDU
14743,SDV
14744,SDX
14745,SDY
14746,SE1
14747,SEA
14748,SEB
14749,SEE
14750,SEF
14751,SEG
14752,SEL
14753,SEM
14754,SEN
14755,SEQ
14756,SER
14757,SES
14758,SEY
14759,SEZ
14760,SFA
14761,SFB
14762,SFC
14763,SFD
14764,SFF
14765,SFG
14766,SFH
14767,SFJ
14768,SFL
14769,SFM
14770,SFN
14771,SFO
14772,SFP
14773,SFQ
14774,SFS
14775,SFT
14776,SFU
14777,SFW
14778,SFZ
14779,SGB
14780,SGC
14781,SGD
14782,SGE
14783,SGF
14784,SGG
14785,SGH
14786,SGJ
14788,SGM
14789,SGN
14790,SGO
14791,SGP
14792,SGR
14793,SGT
14794,SGU
14795,SGW
14796,SGX
14797,SGY
14798,SGZ
14799,SHA
14800,SHB
14801,SHC
14802,SHD
14803,SHE
14804,SHG
14805,SHH
14806,SHI
14807,SHJ
14808,SHL
14809,SHM
14810,SHN
14811,SHO
14812,SHR
14813,SHU
14814,SHV
14815,SHW
14816,SHX
14817,SIA
14818,SID
14819,SIG
14820,SIH
14821,SII
14822,SIK
14823,SIM
14824,SIN
14825,SIO
14826,SIP
14827,SIS
14828,SIT
14829,SIU
14830,SIY
14831,SJC
14832,SJD
14833,SJF
14834,SJI
14835,SJJ
14836,SJK
14837,SJN
14838,SJO
14839,SJP
14840,SJQ
14841,SJS
14842,SJT
14843,SJU
14844,SJV
14845,SJW
14846,SJY
14847,SJZ
14848,SKA
14849,SKB
14850,SKC
14851,SKD
14852,SKE
14853,SKF
14854,SKG
14855,SKJ
14856,SKK
14857,SKL
14858,SKN
14859,SKO
14860,SKP
14861,SKS
14862,SKU
14863,SKW
14864,SKX
14865,SKY
14866,SKZ
14867,SLA
14868,SLB
14869,SLC
14870,SLD
14871,SLE
14872,SLH
14873,SLI
14874,SLJ
14875,SLK
14876,SLL
14877,SLN
14878,SLO
14879,SLP
14880,SLQ
14881,SLR
14882,SLS
14883,SLT
14884,SLU
14885,SLV
14886,SLW
14887,SLX
14888,SLZ
14889,SMA
14890,SMB
14891,SMC
14892,SME
14893,SMF
14894,SMI
14895,SMK
14896,SML
14897,SMN
14898,SMO
14899,NJ3
14900,SMR
14901,SMS
14902,SMT
14903,SMU
14904,SMV
14905,SMX
14906,SMY
14907,SMZ
14908,SNA
14909,SNB
14910,SNC
14911,SNE
14912,SNF
14913,SNG
14914,SNI
14915,SNK
14916,SNL
14917,SNM
14918,SNN
14919,SNP
14920,SNQ
14921,SNR
14922,SNS
14923,SNT
14924,SNU
14925,SNV
14926,SNW
14927,SNY
14928,SOC
14929,SOF
14930,SOG
14931,SOI
14932,SOJ
14933,SOK
14934,SOL
14935,SOM
14936,SON
14938,SOP
14939,SOQ
14941,SOU
14942,SOV
14943,SOW
14944,SPA
14945,SPB
14946,SPC
14947,SPD
14948,SPE
14949,SPF
14950,SPG
14951,SPH
14952,SPI
14953,SPK
14954,SPM
14955,SPN
14957,SPP
14958,SPQ
14959,SPR
14960,SPS
14961,SPU
14962,SPW
14963,SPY
14964,SPZ
14965,SQA
14966,SQI
14967,SQL
14968,SQN
14969,SQO
14970,SQQ
14971,SQR
14972,SQV
14973,SRA
14974,SRB
14975,SRC
14976,SRE
14977,SRF
14978,SRG
14979,SRH
14980,SRI
14981,SRJ
14982,SRL
14983,SRN
14984,SRO
14985,SRP
14986,SRQ
14987,SRV
14988,SRW
14989,SRX
14990,SRZ
14991,SSA
14992,SSB
14993,SSC
14994,SSG
14995,SSH
14996,SSI
14997,SSJ
14998,SSL
14999,SSM
15000,SSN
15001,SSS
15002,SST
15003,SSW
15004,SSX
15005,SSY
15006,STA
15007,STB
15008,STC
15009,STD
15010,STE
15011,STF
15012,STG
15013,STI
15014,STJ
15015,STK
15016,STL
15017,STM
15018,STN
15019,STO
15020,STP
15021,STQ
15022,STR
15023,STS
15024,STT
15026,STW
15027,STX
15028,STY
15029,STZ
15030,SUA
15031,SUB
15032,SUC
15033,SUE
15034,SUF
15035,SUG
15036,SUI
15037,SUJ
15039,SUL
15040,SUM
15041,SUN
15042,SUO
15043,SUS
15044,SUT
15045,SUU
15046,SUV
15047,SUW
15048,SUX
15049,SVA
15050,SVB
15051,SVC
15052,SVD
15053,SVG
15054,SVH
15055,SVJ
15056,SVL
15057,SVN
15058,SVO
15059,SVP
15060,SVQ
15061,SVS
15062,SVU
15063,SVW
15064,SVX
15065,SVZ
15066,SWA
15067,SWB
15068,SWC
15069,SWD
15070,SWF
15072,SWK
15073,SWL
15074,SWO
15075,SWQ
15076,SWS
15077,SWU
15078,SWW
15079,SXB
15080,SXE
15081,SXF
15082,SXG
15083,SXL
15084,SXM
15085,SXP
15086,SXQ
15087,SXR
15088,SXU
15089,SXY
15090,SYA
15091,SYB
15092,SYD
15093,SYI
15094,SYN
15095,SYO
15096,SYR
15097,SYT
15098,SYX
15099,SYY
15100,SYZ
15101,SZA
15102,SZB
15103,SZC
15104,SZD
15105,SZF
15106,SZG
15107,SZK
15108,SZL
15109,SZO
15110,SZP
15111,SZT
15112,SZW
15113,SZX
15114,SZZ
15115,TAB
15116,TAC
15117,TAD
15118,TAE
15119,TAF
15120,TAG
15121,TAH
15122,TAI
15123,TAK
15124,TAL
15125,TAM
15127,TAO
15128,TAP
15129,TAR
15130,TAS
15131,TAT
15132,TAV
15133,TAX
15134,TBB
15135,TBF
15136,TBI
15137,TBL
15138,TBN
15139,TBO
15140,TBP
15141,TBR
15142,TBS
15143,TBT
15144,TBU
15145,TBZ
15146,TCA
15147,TCB
15148,TCC
15149,TCE
15150,TCF
15151,TCH
15152,TCI
15153,TCL
15154,TCM
15155,TCN
15156,TCO
15157,TCP
15158,TCQ
15159,TCS
15160,TCT
15161,TDA
15162,TDD
15163,TDF
15164,TDW
15165,TDZ
15166,TEA
15167,TEB
15168,TED
15170,TEH
15171,TEK
15173,TEP
15174,TER
15175,TET
15176,TEU
15177,TEX
15178,TEZ
15179,TFF
15180,TFI
15181,TFN
15182,LDE
15183,TFS
15184,TGD
15185,TGE
15186,TGG
15187,TGH
15188,TGI
15189,TGM
15190,TGR
15191,TGT
15192,TGU
15194,#N/A
15195,THA
15196,THE
15197,THF
15198,THG
15199,THN
15200,THP
15201,THR
15202,THU
15203,THV
15204,THZ
15205,TIA
15206,#N/A
15207,TIE
15208,TIF
15209,TIH
15210,TIJ
15211,TIK
15212,TIM
15213,TIN
15214,TIP
15215,TIQ
15216,TIR
15217,TIS
15218,TIU
15219,TIV
15220,TIW
15221,TIX
15222,TIY
15223,TIZ
15224,TJA
15225,TJI
15226,TJM
15227,TK1
15228,TKA
15229,TKC
15230,TKD
15231,TKE
15232,TKF
15233,TKG
15234,TKH
15235,TKI
15236,TKJ
15237,TKK
15238,TKL
15239,TKM
15240,TKQ
15241,TKR
15242,TKS
15243,TKT
15244,TKU
15245,TLA
15246,TLC
15247,TLE
15248,TLF
15249,TLH
15250,TLJ
15252,TLL
15253,TLM
15254,TLN
15255,TLR
15256,TLS
15257,TLT
15258,TLV
15259,TMA
15260,TMB
15261,TMD
15262,TMI
15263,TML
15264,TMM
15265,TMP
15266,TMR
15267,TMS
15268,TMT
15269,TMW
15270,TN1
15271,TN2
15272,TN3
15273,TN4
15274,#N/A
15275,TN6
15276,TN7
15277,TNA
15278,TNC
15279,TNE
15280,TNG
15281,TNJ
15282,TNK
15283,TNN
15284,TNP
15285,TNR
15286,TNT
15287,TNU
15288,TNX
15289,TOA
15290,TOB
15292,TOE
15293,TOG
15294,TOJ
15295,TOL
15296,TOM
15297,TOP
15298,TOQ
15299,TOR
15300,TOS
15301,TOU
15302,TOV
15303,TOY
15304,TPA
15305,TPB
15306,TPE
15307,TPF
15308,TPH
15309,TPI
15310,TPL
15312,TPP
15313,TPQ
15314,TPR
15315,TPS
15316,TRB
15317,TRC
15318,TRD
15319,TRE
15320,TRF
15321,TRG
15322,TRH
15323,TRI
15324,TRK
15325,TRM
15326,TRN
15327,TRO
15328,TRR
15329,TRS
15331,TRU
15332,TRV
15333,TRW
15334,TRZ
15335,TSA
15336,TSB
15337,TSE
15338,TSF
15339,TSG
15340,TSH
15341,TSJ
15342,TSM
15343,TSN
15344,TSP
15345,TSR
15346,TSS
15348,TSV
15349,TTB
15350,TTC
15351,TTD
15352,TTG
15353,TTH
15354,TTJ
15355,TTL
15356,TTN
15358,TTS
15359,TTT
15360,TTU
15361,TUA
15362,TUB
15363,TUC
15364,TUD
15365,TUF
15366,TUG
15367,TUH
15368,TUI
15369,TUK
15370,TUL
15371,TUM
15372,TUN
15373,TUO
15374,TUP
15375,TUR
15376,TUS
15377,TUT
15378,TUU
15379,TVA
15380,TVC
15381,TVF
15382,TVI
15383,TVL
15384,TVU
15385,TWA
15386,TWB
15387,TWD
15388,TWE
15389,TWF
15390,TWH
15392,TWU
15393,TX1
15394,TX2
15395,TX3
15396,TX4
15397,TX5
15398,TX6
15399,TX7
15400,TXG
15401,TXK
15402,TXL
15403,TXN
15404,TXU
15405,TYB
15406,TYE
15408,TYL
15409,TYN
15410,TYO
15411,TYR
15412,TYS
15413,TYZ
15414,TZA
15415,TZF
15416,TZL
15417,TZN
15418,TZX
15419,UAB
15420,UAH
15421,UAK
15422,UAM
15423,UAQ
15424,UAS
15425,UAX
15426,UBA
15427,UBF
15428,UBJ
15429,UBP
15430,UBS
15431,UCA
15433,UCY
15434,UDD
15435,UDG
15436,UDI
15437,UDR
15438,UEL
15439,UEO
15440,UES
15441,UET
15442,UFA
15443,UGA
15444,UGB
15445,UGC
15446,UGI
15447,UGN
15448,UGA
15449,UHE
15450,UHF
15451,UIB
15452,UIH
15453,UII
15454,UIN
15455,UIO
15456,UIP
15457,UKB
15458,UKI
15459,ULA
15460,ULC
15461,ULI
15462,ULM
15463,ULN
15464,ULQ
15465,ULS
15466,ULY
15467,UMB
15468,UMD
15469,UME
15470,UMM
15471,UMR
15472,UMT
15473,UMU
15475,UND
15476,UNG
15477,UNI
15478,UNK
15479,UNS
15480,UNT
15481,UOX
15482,UPG
15483,UPN
15484,UPP
15485,UQE
15486,URA
15487,URB
15488,URC
15489,URG
15490,URO
15491,URT
15492,URY
15493,USH
15494,USI
15495,USM
15496,USN
15497,UST
15498,UT1
15499,UTB
15500,UTH
15501,UTK
15502,UTM
15503,UTN
15504,UTO
15505,UTP
15506,UTT
15507,UTW
15508,UUK
15509,UUS
15510,UUU
15511,UVA
15512,UVE
15513,UVF
15514,UVL
15515,UXA
15516,UXB
15517,UXC
15518,UXD
15519,UXE
15520,UXF
15521,UXG
15522,GML
15523,UXI
15524,UXJ
15525,UXK
15526,UXL
15527,UXM
15528,UXN
15529,UXO
15530,UXP
15531,UXQ
15532,UXR
15533,UXS
15534,LPR
15535,UXU
15536,UXV
15537,UXW
15538,UXX
15539,UXY
15540,UXZ
15541,UY1
15543,UYL
15544,UZU
15545,VA1
15546,VA2
15547,VA3
15548,VA4
15549,VAA
15550,VAD
15552,VAF
15553,VAI
15554,VAK
15555,VAN
15556,VAO
15557,VAR
15558,VAS
15559,VAV
15561,VBG
15562,VBS
15563,VBY
15564,VCA
15565,VCB
15566,VCE
15567,VCP
15568,VCR
15569,VCT
15570,VCV
15571,VDA
15572,VDC
15573,VDE
15574,VDI
15575,VDM
15576,VDP
15577,VDR
15578,VDS
15579,VDZ
15581,VEE
15582,VEL
15583,VEO
15584,VER
15585,VEY
15586,VFA
15587,VGA
15588,VGO
15589,VGT
15590,VHM
15591,VHY
15593,VIC
15594,VID
15595,VIE
15596,VIG
15597,VIH
15598,VIJ
15599,VIK
15600,VIL
15601,VIS
15602,VIT
15603,VIX
15604,VKO
15605,VKS
15606,VLC
15607,VLD
15608,VLI
15609,VLL
15610,VLN
15612,VLR
15613,VLV
15614,VME
15615,VNC
15616,VNO
15617,VNS
15618,VNY
15619,VOG
15620,VOK
15621,VOL
15622,VPC
15623,VPE
15624,VPS
15625,VPZ
15626,VQS
15627,VRA
15628,VRB
15629,VRC
15630,VRK
15631,VRN
15632,VSA
15633,VSE
15634,VSF
15635,VST
15636,VTE
15637,VTN
15638,VTZ
15639,VUJ
15640,VUO
15641,VUP
15642,API
15643,VVI
15644,VVK
15645,VVO
15646,VWA
15647,VWB
15648,VWC
15649,VWD
15650,VWE
15651,VWF
15652,VWG
15653,VWH
15654,VWI
15655,VWJ
15656,VWK
15657,VWL
15658,VWM
15659,VWN
15660,VWO
15661,VWP
15662,VWQ
15663,VWR
15664,VWS
15665,VWT
15668,VWW
15669,VWX
15670,VWY
15671,VWZ
15672,VXE
15673,VXO
15674,VYD
15675,VYS
15676,VZA
15677,VZB
15678,VZC
15679,VZD
15680,VZE
15681,VZF
15682,VZG
15683,VZH
15684,VZI
15685,VZJ
15687,VZL
15688,VZM
15689,VZN
15690,VZO
15692,VZQ
15693,VZR
15694,VZS
15695,VZT
15696,VZU
15697,VZV
15698,VZW
15699,VZX
15700,VZY
15701,VZZ
15703,WA2
15704,#N/A
15705,WA4
15706,WA5
15707,WA6
15708,WA7
15709,WAA
15710,WAB
15711,WAD
15712,WAG
15713,WAL
15714,WAR
15715,WAS
15716,WAT
15717,WAV
15718,WAW
15720,WBA
15721,WBB
15722,WBH
15723,WBM
15724,WBN
15725,WBQ
15726,WBR
15727,WBS
15728,WBY
15729,WCA
15730,WCL
15731,WCR
15732,WDB
15734,WDG
15735,WDH
15736,QQS
15737,WDR
15738,WEH
15739,WEI
15740,WEL
15741,WFB
15744,WGA
15745,WGE
15746,WGG
15747,WGL
15749,WGO
15750,WGP
15751,WFK
15754,WHD
15755,WHK
15756,WHO
15758,WHR
15759,WHT
15760,WI1
15761,WI2
15762,WIB
15763,WIC
15766,WIL
15767,WIN
15768,WJA
15769,WJF
15772,WKA
15773,WKJ
15774,WKK
15775,WKL
15776,HWN
15777,WKN
15778,WKR
15779,WKV
15781,WLB
15782,WLD
15783,WLG
15784,WLH
15785,WLK
15786,WLM
15787,WLS
15789,WLW
15790,WMB
15791,WMC
15792,WMH
15793,WMK
15794,WMO
15795,WMR
15798,WNA
15799,WNN
15800,WNP
15801,WNR
15802,WNS
15804,WNZ
15805,WOD
15807,WOW
15810,WPM
15812,WPU
15813,WQA
15814,WQB
15815,WQC
15816,WQD
15817,WQE
15818,WQF
15819,WQG
15820,WQH
15821,WQI
15822,WQJ
15823,WQK
15824,WQL
15825,CWF
15826,WQN
15827,WQO
15828,WQP
15829,WQQ
15830,WQR
15831,WQS
15832,WQT
15833,WQU
15835,WQW
15836,WQX
15837,WQY
15838,WQZ
15839,WRB
15840,WRE
15841,WRG
15842,WRI
15843,WRL
15845,WRO
15846,WSB
15847,WSG
15848,WSH
15849,WSI
15850,WSJ
15852,WSM
15853,WSN
15854,WSP
15855,WST
15856,WSX
15857,WSY
15858,WSZ
15859,WTC
15860,WTD
15861,WTK
15862,WTL
15863,WTN
15864,WTR
15865,WTS
15866,WTT
15867,WUG
15868,WUH
15869,WUJ
15870,WUQ
15871,WUU
15872,WUX
15873,WV1
15874,WVA
15875,WVB
15877,WVI
15878,WVK
15879,WVL
15881,WSI
15882,WWD
15883,WWK
15885,WWP
15886,WWR
15887,WWT
15892,WY1
15893,WYA
15894,WYB
15895,WYE
15896,WYN
15897,WYS
15899,WZY
15900,XAL
15901,XAP
15902,XBE
15903,XBR
15904,XCH
15905,XCL
15906,XCR
15907,XES
15908,XIC
15910,XIY
15913,XLS
15914,XLW
15915,XMD
15916,XMH
15917,XMN
15918,XMR
15919,XNA
15920,XNG
15921,XNN
15923,XPL
15924,XQC
15925,XQP
15926,XRH
15927,XRS
15928,XRY
15929,XSC
15930,XSD
15931,XSM
15932,XSP
15933,XUZ
15934,XWA
15936,XWC
15937,XWD
15938,XWE
15939,XWF
15941,XWH
15943,XWJ
15944,XWK
15945,XWL
15946,XWM
15947,XWN
15948,XWO
15949,AKH
15950,IWK
15952,XWS
15953,XWT
15954,XWU
15956,XWW
15961,WFD
15963,XXD
15964,XXE
15966,XXG
15968,IUD
15971,XXN
15972,XXO
15973,XXP
15975,XXR
15976,XXS
15977,XXT
15978,XXU
15979,XXV
15980,XXW
15981,XXX
15982,XXY
15983,XXZ
15984,XYA
15986,YAA
15987,YAC
15988,YAF
15989,YAG
15990,YAH
15991,YAK
15992,YAM
15993,YAO
15994,YAP
15995,YAT
15996,YAU
15997,YAV
15998,YAY
15999,YAZ
16000,YBA
16001,YBB
16002,YBC
16003,YBE
16004,YBG
16005,YBJ
16006,YBK
16007,YBL
16008,YBM
16009,YBR
16010,YBS
16011,YBT
16012,YBV
16013,YBX
16014,YCB
16015,YCC
16016,YCD
16017,YCF
16018,YCG
16019,YCH
16020,YCJ
16021,YCK
16022,YCL
16023,YCM
16024,YCN
16025,YCO
16026,YCR
16027,YCS
16028,YCY
16029,YDA
16030,YDB
16031,YDF
16032,YDL
16033,YDN
16034,YDP
16035,YDQ
16036,YDS
16038,YRI
16039,YEA
16040,YEC
16041,YED
16042,YEG
16043,YEK
16044,YEL
16045,YEM
16046,YEO
16047,YER
16048,YEU
16049,YEV
16050,YFB
16051,YFC
16052,YFO
16053,YFR
16054,YFS
16055,YGA
16056,YGB
16057,YGE
16058,YGG
16059,YGH
16060,YGJ
16061,YGK
16062,YGL
16063,YGN
16064,YGP
16065,YGQ
16066,YGR
16067,YGT
16068,YGV
16069,YGW
16070,YGX
16072,YGZ
16073,YHA
16074,YHD
16075,YHF
16076,YHH
16077,YHI
16078,YHM
16079,YHN
16080,YHR
16081,YHS
16082,YHT
16083,YHU
16084,YHY
16085,YHZ
16086,YIB
16087,YIF
16088,YIG
16089,YIH
16090,YIO
16091,YIP
16092,YIV
16093,YIW
16094,YJO
16095,YJT
16096,YKA
16097,YKF
16098,YKG
16099,YKJ
16100,YKL
16101,YKM
16102,YKN
16103,YKS
16104,YKU
16105,YKX
16106,YKZ
16107,YLC
16108,YLD
16109,YLH
16110,YLL
16111,YLP
16112,YLQ
16113,YLR
16114,YLT
16115,YLW
16116,YMA
16117,YMB
16118,YME
16119,YMH
16120,YML
16121,YMM
16122,YMO
16123,YMP
16124,YMQ
16125,YMS
16126,YMT
16127,YMV
16128,YMX
16129,YNA
16130,YNB
16131,YND
16132,YNE
16133,YNG
16134,YNH
16135,YNJ
16136,YNK
16137,YNL
16138,YNM
16139,YNT
16140,YNY
16141,YOC
16142,YOD
16143,YOG
16144,YOJ
16145,YOL
16146,YOO
16147,YOP
16149,YOW
16150,YOX
16151,YPA
16152,YPE
16153,YPL
16154,YPN
16155,YPO
16156,YPQ
16157,YPR
16158,YPS
16159,YPW
16160,YPX
16161,YPY
16162,YQA
16163,YQB
16164,YQD
16165,YQF
16166,YQG
16167,YQH
16168,YQI
16169,YQK
16170,YQL
16171,YQM
16172,YQQ
16173,YQR
16174,YQT
16175,YQU
16176,YQV
16177,YQW
16178,YQX
16179,YQY
16180,YQZ
16181,YRB
16182,YRC
16183,YRD
16184,YRJ
16185,YRL
16186,YRQ
16187,YRT
16188,YSB
16189,YSC
16190,YSF
16191,YSJ
16192,YSL
16193,YSM
16194,YSN
16195,YSP
16196,YSR
16197,YST
16198,YSU
16199,YSV
16201,YTA
16202,YTE
16203,YTF
16204,YTG
16205,YTH
16206,YTJ
16207,YTL
16208,YTM
16209,YTN
16210,YTO
16211,YTP
16212,YTQ
16213,YTR
16214,YTS
16215,YTZ
16216,YUB
16217,YUL
16218,NYL
16219,YUT
16220,YUX
16221,YUY
16222,YVA
16223,YVB
16224,YVC
16225,YVN
16226,YVO
16227,YVP
16228,YVQ
16229,YVR
16230,YVT
16231,YWB
16232,YWG
16233,YWH
16234,YWJ
16235,YWK
16236,YWL
16237,YWQ
16238,YWR
16239,YWY
16240,YXC
16241,YXD
16242,YXE
16243,YXH
16244,YXJ
16245,YXK
16246,YXL
16247,YXP
16248,YXQ
16249,YXR
16250,YXS
16251,YXT
16252,YXU
16253,YXX
16254,YXY
16255,YXZ
16256,YYB
16257,YYC
16258,YYD
16259,YYE
16260,YYF
16261,YYG
16262,YYH
16263,YYJ
16264,YYL
16265,YYN
16266,YYQ
16267,YYR
16268,YYT
16269,YYU
16270,YYY
16271,YYZ
16272,YZE
16273,YZF
16274,YZH
16275,YZP
16276,YZR
16277,YZS
16278,YZT
16279,YZV
16280,ZAA
16281,ZAD
16282,ZAG
16283,ZAH
16284,ZAL
16285,ZAM
16286,ZAZ
16288,ZBF
16289,THG
16290,ZBM
16291,ZBO
16292,ZBX
16293,ZCL
16294,ZCO
16295,ZEL
16296,ZFA
16297,ZFM
16298,ZFN
16299,ZGF
16300,ZGM
16301,ZGS
16302,ZHA
16303,ZIG
16304,ZIH
16305,ZKB
16306,ZLO
16307,ZLT
16308,ZMD
16309,ZMT
16310,ZNA
16311,ZNC
16312,ZND
16313,ZNE
16314,ZNQ
16315,ZNZ
16316,ZOF
16318,ZOS
16319,ZPB
16320,ZQN
16321,ZRH
16322,ZSA
16323,ZSL
16324,ZSS
16325,ZST
16326,ZSW
16327,ZTH
16328,ZTS
16329,ZUH
16330,ZUM
16331,ZVA
16332,ZVK
16333,ZWL
16334,ZXA
16335,ZXB
16336,ZXC
16337,ZXD
16338,ZXE
16339,ZXF
16340,ZXH
16341,ZXI
16342,ZXJ
16343,ZXK
16344,ZXL
16345,ZXM
16346,ZXN
16347,ZXO
16348,ZXP
16352,ZXT
16353,ZXU
16354,ZXV
16355,ZXW
16356,ZXX
16357,ZXY
16358,ZXZ
16359,ZYL
16360,ZZU
16361,ZZV
16363,FHB
16364,PAC
16385,AAD
16386,AUI
16387,ABA
16388,BAT
16389,#N/A
16390,BVU
16392,#N/A
16393,#N/A
16394,MRQ
16396,#N/A
16398,BCD
16399,SDG
16400,SWI
16401,TIC
16402,TOD
16403,CPO
16404,#N/A
16405,#N/A
16406,#N/A
16407,CKO
16408,IBR
16409,#N/A
16410,#N/A
16411,LUM
16412,TX8
16413,NAV
16414,MS2
16415,#N/A
16416,#N/A
16417,TGZ
16418,MDL
16419,UOS
16420,IT1
16421,#N/A
16422,GUF
16423,AL4
16424,MI4
16425,NY4
16426,ADT
16427,WNC
16428,L41
16429,6B0
16430,DZN
16431,U36
16432,KDE
16433,IGS
16434,LEN
16435,#N/A
16436,MAQ
16437,#N/A
16438,#N/A
16439,UUD
16440,#N/A
16441,CT1
16442,NY5
16443,CSL
16444,PL1
16445,ID1
16446,MRO
16447,ISU
16448,FSS
16449,PGR
16450,DCN
16451,AZ4
16452,RU3
16453,SD2
16454,VGC
16455,AL5
16456,DWC
16457,XCM
16458,EPA
16459,S24
16460,BAZ
16461,AF2
16462,MWX
16463,MD1
16464,NVI
16465,AU1
16466,VVC
16467,CGQ
16468,MS3
16469,MN4
16470,OH8
16471,SKT
16472,AA7
16473,BEC
16474,GA4
16475,DUR
16476,HYD
16477,QRO
16478,YLS
16479,MA2
16480,DQA
16481,BYN
16482,BYF
16483,HMA
16484,JWN
16485,MPI
16486,YZX
16487,MA3
16488,SMQ
16489,AK1
16490,AK2
16491,PNN
16492,QTB
16493,LYG
16494,SA1
16495,CT2
16496,WV2
16497,AL6
16498,NY7
16499,NY6
16500,MN5
16501,MPE
16502,NC6
16503,ME2
16504,PA3
16505,AK3
16506,YOA
16507,CJJ
16508,AK4
16509,TN9
16510,NC7
16511,IN3
16512,NY8
16513,NT2
16514,TBG
16515,WA9
16516,RU4
16517,CA6
16518,YCE
16519,PA4
16520,DE2
16521,BPI
16522,LNV
16523,YPD
16524,PGC
16525,PA5
16526,MA4
16527,MVC
16528,VA5
16529,VII
16530,PPQ
16531,AZI
16532,OH9
16533,JBQ
16534,FL6
16535,TMU
16536,TOI
16537,LA1
16538,CTZ
16539,IN4
16540,ME3
16541,OBE
16542,RBW
16543,MA5
16544,NIS
16545,YBQ
16546,ON1
16547,IA4
16548,NH1
16549,TX9
16550,BW1
16551,FMM
16552,NC8
16553,ME4
16554,KVD
16555,JWY
16556,FCN
16557,AF3
16558,LA2
16559,AF4
16560,OR4
16561,AZ5
16562,IN5
16563,OEO
16564,RMF
16565,CO5
16566,NV2
16567,7AK
16568,NJ4
16569,NY9
16570,YWS
16571,1NY
16572,NV3
16573,BBW
16574,BGH
16575,SLM
16576,ZKP
16577,SC4
16578,NJF
16579,HTY
16580,AK5
16581,AK6
16582,GA5
16583,SC5
16584,AK7
16585,NJ5
16586,KOM
16587,NB1
16588,VT1
16589,MN6
16590,MBE
16591,HSG
16592,AE1
16593,HFE
16594,CT3
16595,KEJ
16596,KRW
16597,SIR
16598,CA7
16599,YBW
16600,BC2
16601,BC3
16602,BC4
16603,DHB
16604,BC5
16605,BC6
16606,YMF
16607,BC8
16608,YMU
16609,BC9
16610,CN2
16611,YPT
16612,CN4
16613,YQJ
16614,YR1
16615,CN5
16616,CN6
16617,CN7
16618,CN9
16619,BC7
16620,CA9
16621,AK8
16622,XMJ
16623,PT1
16624,VT2
16625,NJ6
16626,OD1
16627,ME5
16628,WI3
16629,MHC
16630,AK9
16631,MQM
16632,FON
16633,ME6
16634,MQI
16635,NM1
16636,LUS
16637,ITB
16638,SOB
16639,AZ6
16640,NC9
16641,HHQ
16642,UK1
16643,PA6
16644,CT4
16645,HMY
16646,OXF
16647,FAQ
16648,NYT
16649,B1C
16650,B2C
16651,WA1
16652,B3C
16653,BC1
16654,WA3
16655,B4C
16656,CT5
16657,JO4
16658,T1X
16659,KIP
16660,GMB
16661,NE3
16662,AA2
16663,IN6
16664,SA2
16665,BBD
16666,DE3
16667,TNO
16668,A1K
16669,AL7
16670,DE4
16671,OD2
16672,PA7
16673,GA6
16674,ASF
16675,OZZ
16676,NKT
16677,NT3
16678,WHP
16679,MRF
16680,N1Y
16681,CT6
16682,GTY
16683,MI6
16684,PA8
16685,RO1
16686,WJR
16687,BMV
16688,GA0
16689,PA9
16690,YUW
16691,KR1
16692,FVR
16693,EE1
16694,T2X
16695,TN5
16696,A3K
16697,VA6
16698,A4K
16699,JCT
16700,C1A
16701,BR2
16702,T3X
16703,NI1
16704,NY3
16705,JNJ
16706,T4X
16707,NU1
16708,BG1
16709,T5X
16710,MD2
16711,NV4
16712,JIJ
16713,BBK
16714,JJN
16715,N2Y
16716,TAY
16717,NU2
16718,MOV
16719,N2C
16720,A6K
16721,VA7
16722,O1H
16723,A7K
16724,N3Y
16725,NV5
16726,NU3
16727,NJ7
16728,N3C
16729,O2H
16730,NH2
16731,NH3
16732,KNA
16733,LCJ
16734,NU4
16735,CD1
16736,ME7
16737,AL8
16738,AR3
16739,O3H
16740,O4H
16741,T1N
16742,IN7
16743,MS4
16744,IL2
16745,T6X
16746,GNT
16747,CD2
16748,DYL
16749,T7X
16750,N4C
16751,FL7
16752,BDT
16754,N5C
16755,T8X
16756,TH1
16757,KW1
16758,BWC
16759,JAA
16760,BFG
16761,O5H
16762,LA3
16763,UDJ
16764,FME
16765,LNR
16766,YMD
16767,APH
16768,QSR
16769,N6C
16770,CO1
16771,RNH
16772,AE2
16773,KZ1
16774,VA8
16775,MO3
16776,T2N
99999,ZZZ